query_id,rank,document_id,score
4641,1,44594,0.76999867
4641,2,376148,0.75012785
4641,3,406219,0.7492495
4641,4,163353,0.74024296
4641,5,527939,0.7355188
4641,6,88327,0.7314925
4641,7,497993,0.730155
4641,8,580025,0.7298474
4641,9,32833,0.7298322
4641,10,190800,0.7267592
5503,1,146277,0.8067237
5503,2,61623,0.7916119
5503,3,525959,0.7814986
5503,4,565868,0.78012574
5503,5,466145,0.7721954
5503,6,382255,0.76839155
5503,7,14732,0.7656646
5503,8,294386,0.76270884
5503,9,360193,0.761509
5503,10,444266,0.7595564
7803,1,231646,0.76088256
7803,2,195824,0.7604251
7803,3,482238,0.75986594
7803,4,270345,0.7565915
7803,5,371621,0.75551915
7803,6,62151,0.75167775
7803,7,272929,0.7500911
7803,8,168006,0.7491784
7803,9,416286,0.7444787
7803,10,350925,0.74379265
7017,1,514562,0.77472335
7017,2,329182,0.7628733
7017,3,49345,0.7621672
7017,4,216588,0.755355
7017,5,350460,0.7553164
7017,6,437777,0.7550527
7017,7,2241,0.7550228
7017,8,446629,0.7537109
7017,9,231098,0.7533919
7017,10,501056,0.748991
10152,1,113585,0.86709225
10152,2,549181,0.8398434
10152,3,371515,0.83013296
10152,4,516797,0.7387893
10152,5,37032,0.71801245
10152,6,508144,0.71481115
10152,7,565598,0.71298754
10152,8,278582,0.7124332
10152,9,393759,0.7098385
10152,10,391454,0.70589596
3451,1,165970,0.83222634
3451,2,310683,0.821973
3451,3,306460,0.8166038
3451,4,292338,0.8105843
3451,5,217124,0.8060985
3451,6,221869,0.8049446
3451,7,138096,0.8011931
3451,8,427808,0.800491
3451,9,483025,0.79879296
3451,10,498561,0.7984208
4804,1,293084,0.71347725
4804,2,162456,0.7073673
4804,3,583651,0.70711356
4804,4,190919,0.6988163
4804,5,372320,0.69451964
4804,6,104395,0.68901134
4804,7,170942,0.6876031
4804,8,460348,0.6826535
4804,9,227910,0.6799604
4804,10,116574,0.6789745
7911,1,57711,0.8889474
7911,2,131996,0.80096155
7911,3,582736,0.7370777
7911,4,406872,0.7360625
7911,5,584295,0.7271551
7911,6,370212,0.7207316
7911,7,398900,0.71116036
7911,8,486058,0.7041347
7911,9,18490,0.70330745
7911,10,278729,0.7015196
10809,1,286141,0.7524177
10809,2,329923,0.72998726
10809,3,63091,0.7279102
10809,4,153179,0.72638965
10809,5,597679,0.7259897
10809,6,93890,0.7126678
10809,7,163641,0.7082116
10809,8,543811,0.70314074
10809,9,469125,0.7005402
10809,10,74369,0.6991774
6715,1,476829,0.7590392
6715,2,491644,0.7511265
6715,3,155461,0.7463431
6715,4,209863,0.74410987
6715,5,568526,0.7440512
6715,6,195455,0.74171424
6715,7,502713,0.7400879
6715,8,89533,0.73979294
6715,9,499154,0.73922235
6715,10,13732,0.7390309
2388,1,104988,0.809479
2388,2,316149,0.7710604
2388,3,86855,0.7662423
2388,4,495791,0.74886966
2388,5,43614,0.7415788
2388,6,304641,0.72872734
2388,7,88345,0.72725177
2388,8,215620,0.7211549
2388,9,412114,0.7190186
2388,10,117960,0.71795464
753,1,451020,0.7512255
753,2,313361,0.7455152
753,3,95441,0.74191046
753,4,286654,0.7375634
753,5,14639,0.73551697
753,6,418630,0.7349607
753,7,540634,0.73252785
753,8,546372,0.7259006
753,9,283505,0.72370523
753,10,466718,0.7211051
4465,1,174033,0.7283815
4465,2,319458,0.7253072
4465,3,174543,0.72157514
4465,4,379353,0.71955436
4465,5,326167,0.7176155
4465,6,8060,0.7173331
4465,7,46381,0.71302974
4465,8,546281,0.71301055
4465,9,320816,0.71092445
4465,10,264271,0.71083546
7326,1,227542,0.8004842
7326,2,272008,0.7750789
7326,3,404339,0.763222
7326,4,163333,0.76243794
7326,5,458546,0.76016057
7326,6,130188,0.7582142
7326,7,147573,0.7571733
7326,8,35340,0.75704443
7326,9,420551,0.7563281
7326,10,389268,0.75631654
5951,1,418034,0.7582979
5951,2,159204,0.7568073
5951,3,374480,0.75572115
5951,4,599860,0.75412726
5951,5,81592,0.7487556
5951,6,232491,0.7418409
5951,7,280835,0.74088854
5951,8,67816,0.7396046
5951,9,34844,0.7378125
5951,10,284051,0.7372345
5653,1,588247,0.7661002
5653,2,33155,0.7387153
5653,3,109796,0.71848416
5653,4,11995,0.7164556
5653,5,517935,0.71592057
5653,6,234115,0.71504277
5653,7,243523,0.71091926
5653,8,571804,0.71057963
5653,9,12623,0.71036977
5653,10,472741,0.7087225
10827,1,392371,0.83957666
10827,2,38532,0.8306735
10827,3,290105,0.8262418
10827,4,39071,0.8175236
10827,5,441632,0.81417966
10827,6,336917,0.8070016
10827,7,296405,0.8069616
10827,8,396852,0.8040745
10827,9,41330,0.8022107
10827,10,301616,0.80051124
9771,1,487889,0.6727905
9771,2,29540,0.6709883
9771,3,578241,0.6700221
9771,4,542258,0.66960955
9771,5,435279,0.65893054
9771,6,582459,0.65520626
9771,7,190228,0.6541773
9771,8,80481,0.65081614
9771,9,589476,0.6493366
9771,10,142659,0.6472058
7105,1,394702,0.8102614
7105,2,187110,0.7577814
7105,3,72652,0.7544705
7105,4,508055,0.7530593
7105,5,261994,0.7466626
7105,6,496096,0.7444332
7105,7,277185,0.7380022
7105,8,490077,0.7371528
7105,9,173146,0.73075175
7105,10,396974,0.7275404
9332,1,184042,0.7751162
9332,2,328703,0.7577939
9332,3,157729,0.75677186
9332,4,58875,0.7555984
9332,5,159577,0.74585617
9332,6,293687,0.7445545
9332,7,325708,0.7380554
9332,8,178521,0.73341596
9332,9,142735,0.728712
9332,10,581127,0.7266303
3724,1,565429,0.83069134
3724,2,497561,0.82915664
3724,3,3104,0.8076504
3724,4,140917,0.8025384
3724,5,480036,0.80217427
3724,6,140330,0.8009671
3724,7,302512,0.800639
3724,8,271233,0.7983151
3724,9,273497,0.7971759
3724,10,290322,0.7952189
5853,1,383682,0.7905252
5853,2,284318,0.78864366
5853,3,40897,0.78841347
5853,4,406325,0.7868216
5853,5,387722,0.786039
5853,6,114875,0.7715386
5853,7,491692,0.77102786
5853,8,279229,0.76717496
5853,9,494148,0.76682734
5853,10,439459,0.7649202
6832,1,256587,0.73318577
6832,2,123911,0.7329993
6832,3,482503,0.72763586
6832,4,266221,0.72393334
6832,5,13524,0.72027487
6832,6,272807,0.7188766
6832,7,332244,0.7183161
6832,8,377853,0.71759844
6832,9,237066,0.71747744
6832,10,214229,0.716381
6807,1,332567,0.8680274
6807,2,8003,0.81494015
6807,3,96697,0.80057806
6807,4,242849,0.795863
6807,5,517637,0.7928028
6807,6,550642,0.7910433
6807,7,198606,0.7909698
6807,8,116675,0.78864783
6807,9,204761,0.78778064
6807,10,276860,0.78668666
570,1,79375,0.8110324
570,2,532839,0.8093307
570,3,117845,0.80084306
570,4,220459,0.7971984
570,5,150883,0.78733504
570,6,387876,0.78485435
570,7,323934,0.78227097
570,8,301616,0.78089696
570,9,224434,0.7794168
570,10,519750,0.77855116
7279,1,81483,0.83485335
7279,2,476834,0.8233155
7279,3,213373,0.8163024
7279,4,407259,0.8138975
7279,5,349417,0.8076331
7279,6,66119,0.804228
7279,7,191668,0.79918146
7279,8,518721,0.79884875
7279,9,197918,0.79525274
7279,10,464502,0.7895203
594,1,377322,0.8148203
594,2,11148,0.80794054
594,3,492694,0.745581
594,4,64881,0.7452539
594,5,213214,0.7445805
594,6,420746,0.739287
594,7,68515,0.7371031
594,8,137984,0.73466563
594,9,377147,0.7343528
594,10,451737,0.73341954
10122,1,564069,0.83035016
10122,2,297100,0.82544625
10122,3,139368,0.8099617
10122,4,144261,0.8098792
10122,5,331008,0.80952275
10122,6,89084,0.80905855
10122,7,378137,0.8086932
10122,8,502495,0.8077272
10122,9,508540,0.8070819
10122,10,459970,0.8055395
3091,1,366448,0.84243125
3091,2,187739,0.83609927
3091,3,534099,0.8286673
3091,4,274870,0.8204324
3091,5,201447,0.7963984
3091,6,95778,0.78045285
3091,7,159936,0.77791715
3091,8,108302,0.77218217
3091,9,553277,0.77180386
3091,10,595455,0.7709672
904,1,415514,0.7762687
904,2,115584,0.74983716
904,3,24890,0.7386783
904,4,460325,0.73724914
904,5,101748,0.7358595
904,6,32057,0.7345028
904,7,243949,0.73326373
904,8,502283,0.72981423
904,9,543254,0.72805876
904,10,242923,0.72744954
4037,1,453035,0.81335294
4037,2,244555,0.8034527
4037,3,347137,0.80294913
4037,4,470928,0.7963853
4037,5,355415,0.7897666
4037,6,400291,0.7859133
4037,7,304971,0.7821378
4037,8,202224,0.7812395
4037,9,427926,0.7775795
4037,10,334603,0.77627695
8537,1,143655,0.760463
8537,2,370494,0.7307794
8537,3,74839,0.73034275
8537,4,368230,0.72246397
8537,5,291600,0.7196655
8537,6,6574,0.7196143
8537,7,1001,0.7151266
8537,8,279401,0.71451145
8537,9,349974,0.7079321
8537,10,115393,0.7053598
3357,1,367216,0.7062777
3357,2,413879,0.69854546
3357,3,209974,0.69556653
3357,4,64798,0.69105244
3357,5,595919,0.6906153
3357,6,351114,0.6881783
3357,7,495076,0.6863322
3357,8,36912,0.6850318
3357,9,148250,0.6833184
3357,10,328066,0.68143356
1783,1,383172,0.7889902
1783,2,445298,0.77889097
1783,3,14609,0.7721601
1783,4,538699,0.7455305
1783,5,283505,0.74494004
1783,6,420295,0.7420083
1783,7,204554,0.73946816
1783,8,110061,0.73942065
1783,9,207997,0.73846895
1783,10,421924,0.73523545
6004,1,21768,0.75107014
6004,2,271109,0.7470867
6004,3,12201,0.737603
6004,4,374797,0.73722667
6004,5,122432,0.73096764
6004,6,416307,0.7283084
6004,7,232880,0.72436273
6004,8,5257,0.7222395
6004,9,347189,0.7195096
6004,10,104652,0.7139272
2923,1,161667,0.781143
2923,2,46381,0.76855856
2923,3,264271,0.7659305
2923,4,290714,0.7466705
2923,5,82744,0.73965216
2923,6,145737,0.73312944
2923,7,379353,0.73071563
2923,8,153121,0.7231027
2923,9,174543,0.7228802
2923,10,319458,0.71256113
5271,1,95189,0.7413862
5271,2,571295,0.7308737
5271,3,163872,0.7058399
5271,4,221439,0.699585
5271,5,483637,0.6983165
5271,6,488258,0.696264
5271,7,427884,0.6926402
5271,8,383039,0.6906959
5271,9,538734,0.6874624
5271,10,429899,0.68627703
2108,1,174384,0.7808895
2108,2,191643,0.7725183
2108,3,478781,0.77113867
2108,4,185274,0.75474787
2108,5,332194,0.7476177
2108,6,461943,0.74747235
2108,7,257841,0.7474483
2108,8,531918,0.7425916
2108,9,304080,0.7398033
2108,10,309171,0.73869467
7590,1,427629,0.80525565
7590,2,105165,0.8002165
7590,3,222505,0.7951348
7590,4,569834,0.77733517
7590,5,147282,0.7704993
7590,6,517391,0.7694589
7590,7,98978,0.76760256
7590,8,268731,0.76704687
7590,9,501153,0.7647304
7590,10,293679,0.76421905
932,1,187706,0.79200804
932,2,383172,0.7820406
932,3,303287,0.777707
932,4,387010,0.7760991
932,5,495827,0.76146007
932,6,362860,0.75935054
932,7,319965,0.75420165
932,8,196321,0.7521231
932,9,254106,0.74883014
932,10,276411,0.74812496
5981,1,286182,0.826832
5981,2,210439,0.81054175
5981,3,564554,0.78334755
5981,4,171483,0.7824868
5981,5,245532,0.7489184
5981,6,265267,0.7314959
5981,7,325564,0.7313802
5981,8,71424,0.72343755
5981,9,15376,0.7219029
5981,10,328231,0.71850866
4837,1,245005,0.75677747
4837,2,366448,0.75226617
4837,3,187739,0.74766374
4837,4,323406,0.7437007
4837,5,462183,0.7422944
4837,6,336276,0.73958755
4837,7,201447,0.737784
4837,8,591566,0.73677444
4837,9,416796,0.73424685
4837,10,257924,0.73163426
4415,1,117578,0.80931365
4415,2,450682,0.78754544
4415,3,59225,0.7623286
4415,4,290585,0.7582338
4415,5,501743,0.75735474
4415,6,215708,0.7570609
4415,7,441904,0.75085187
4415,8,58590,0.748596
4415,9,470966,0.74582756
4415,10,206580,0.74562645
1915,1,570995,0.7443751
1915,2,433801,0.743641
1915,3,318266,0.73852396
1915,4,381830,0.73735064
1915,5,496959,0.73276365
1915,6,141111,0.73231065
1915,7,402686,0.7307443
1915,8,378060,0.72924626
1915,9,348787,0.72877777
1915,10,445722,0.7281227
8378,1,434812,0.8240585
8378,2,127702,0.81315666
8378,3,133644,0.80225223
8378,4,511678,0.7901103
8378,5,35575,0.7893549
8378,6,178684,0.78583443
8378,7,71713,0.7782426
8378,8,361345,0.776198
8378,9,519148,0.771605
8378,10,294573,0.77073014
2316,1,348955,0.7101215
2316,2,482343,0.70426846
2316,3,154417,0.687022
2316,4,254635,0.683766
2316,5,41138,0.67983305
2316,6,361889,0.6768829
2316,7,367185,0.6712334
2316,8,134458,0.67036974
2316,9,236031,0.6702582
2316,10,381338,0.6702078
8102,1,165970,0.84566194
8102,2,557877,0.83498013
8102,3,306460,0.81688684
8102,4,41852,0.8091633
8102,5,537212,0.80527455
8102,6,443691,0.8044085
8102,7,35752,0.8021873
8102,8,310683,0.8015449
8102,9,345368,0.7997334
8102,10,335375,0.7932635
3405,1,507107,0.7289372
3405,2,198945,0.7219848
3405,3,278781,0.7213162
3405,4,230566,0.71496296
3405,5,46791,0.7028007
3405,6,369773,0.6998769
3405,7,22060,0.69734466
3405,8,449610,0.6892963
3405,9,495467,0.6855167
3405,10,506755,0.67918783
7928,1,427808,0.8280133
7928,2,525213,0.81650937
7928,3,294688,0.8073493
7928,4,378173,0.8010875
7928,5,178105,0.8004248
7928,6,24563,0.79958785
7928,7,291600,0.79760385
7928,8,95415,0.7968999
7928,9,137073,0.7963698
7928,10,42438,0.795122
603,1,456440,0.74608594
603,2,433245,0.7348062
603,3,383238,0.72325534
603,4,347413,0.7180981
603,5,399013,0.71789324
603,6,531504,0.71362555
603,7,573039,0.7127737
603,8,120090,0.71199393
603,9,86952,0.7099724
603,10,438813,0.708802
1281,1,361415,0.72761947
1281,2,556248,0.7265148
1281,3,555406,0.7092165
1281,4,253735,0.7090701
1281,5,43049,0.7085947
1281,6,338051,0.70815694
1281,7,296750,0.7052117
1281,8,571178,0.7031112
1281,9,392434,0.70186573
1281,10,234615,0.7017687
3830,1,472681,0.79736483
3830,2,288559,0.79482174
3830,3,25172,0.786865
3830,4,454563,0.7851726
3830,5,507630,0.7798327
3830,6,414772,0.7771491
3830,7,203889,0.7770648
3830,8,153142,0.7763771
3830,9,66039,0.77625394
3830,10,54952,0.77001107
3837,1,345533,0.8048014
3837,2,44578,0.8033591
3837,3,67741,0.8005885
3837,4,164513,0.7850565
3837,5,30417,0.75528824
3837,6,404261,0.7547398
3837,7,56894,0.7387631
3837,8,373501,0.7382378
3837,9,32671,0.7374395
3837,10,65567,0.73412514
4447,1,296420,0.8240135
4447,2,419986,0.81340444
4447,3,535581,0.79466295
4447,4,286226,0.79390603
4447,5,34925,0.7924206
4447,6,500986,0.7887726
4447,7,34688,0.7878593
4447,8,386423,0.7814755
4447,9,401952,0.78120154
4447,10,253960,0.78026813
2376,1,91545,0.82127327
2376,2,64263,0.7856011
2376,3,114417,0.7785692
2376,4,549833,0.7711209
2376,5,482813,0.7610165
2376,6,402249,0.7573735
2376,7,101519,0.75491834
2376,8,324411,0.7401426
2376,9,223626,0.7261519
2376,10,63528,0.7178584
4777,1,570318,0.7758479
4777,2,246150,0.75180537
4777,3,284454,0.74776167
4777,4,365342,0.74549735
4777,5,297898,0.7399896
4777,6,419475,0.7383595
4777,7,426678,0.73821694
4777,8,465227,0.7374455
4777,9,487179,0.7358781
4777,10,26837,0.73528546
5741,1,259081,0.82231647
5741,2,359718,0.8039587
5741,3,489654,0.7991189
5741,4,312445,0.7969216
5741,5,132606,0.7967528
5741,6,160922,0.79488665
5741,7,349545,0.7943888
5741,8,276960,0.79123086
5741,9,79517,0.7904711
5741,10,6990,0.78808147
2318,1,78632,0.77935386
2318,2,411825,0.74570596
2318,3,286654,0.7448866
2318,4,582922,0.74143875
2318,5,308048,0.7408414
2318,6,584074,0.7269062
2318,7,385310,0.7246218
2318,8,343477,0.72197616
2318,9,427469,0.72152615
2318,10,127004,0.7202164
620,1,572848,0.8054665
620,2,467059,0.7921777
620,3,422908,0.7920654
620,4,537593,0.7895175
620,5,537394,0.78497744
620,6,113167,0.7823395
620,7,424304,0.78205764
620,8,180673,0.7818126
620,9,64556,0.77987456
620,10,165378,0.779246
8271,1,376709,0.7925496
8271,2,529528,0.75436115
8271,3,283862,0.73044646
8271,4,137225,0.7291014
8271,5,23097,0.7262764
8271,6,511178,0.72234803
8271,7,519534,0.7220074
8271,8,377686,0.72120667
8271,9,169004,0.7206358
8271,10,200054,0.719976
4865,1,536345,0.78472644
4865,2,440959,0.7836684
4865,3,67365,0.7827985
4865,4,370569,0.7761288
4865,5,165973,0.77312636
4865,6,47738,0.7730448
4865,7,343042,0.7729378
4865,8,246733,0.77259886
4865,9,366315,0.7712879
4865,10,567090,0.7710792
864,1,329774,0.82591486
864,2,566337,0.82541376
864,3,30142,0.82383776
864,4,24890,0.813757
864,5,472924,0.80056155
864,6,78117,0.7991231
864,7,479625,0.78501046
864,8,157751,0.7728452
864,9,391841,0.77151877
864,10,402174,0.7490412
5888,1,263647,0.81405234
5888,2,229563,0.79802716
5888,3,506132,0.79487836
5888,4,65537,0.7948021
5888,5,125497,0.7946948
5888,6,358445,0.793258
5888,7,499098,0.7928461
5888,8,21576,0.79223156
5888,9,545327,0.7875236
5888,10,336792,0.78406954
2568,1,346042,0.83684444
2568,2,214749,0.79409885
2568,3,108739,0.78301924
2568,4,269898,0.7673111
2568,5,139047,0.76697683
2568,6,376016,0.7576796
2568,7,258247,0.75735706
2568,8,9146,0.7555778
2568,9,453301,0.7533644
2568,10,166314,0.75047386
5150,1,350237,0.75981915
5150,2,599799,0.7290196
5150,3,411551,0.7220899
5150,4,451897,0.7203459
5150,5,342966,0.71879315
5150,6,168139,0.71876204
5150,7,81416,0.717685
5150,8,184924,0.7173913
5150,9,278667,0.71387446
5150,10,298729,0.7135729
7124,1,558617,0.8395935
7124,2,177926,0.747152
7124,3,429196,0.74424076
7124,4,109345,0.74401295
7124,5,525231,0.74339604
7124,6,80024,0.74334955
7124,7,192900,0.74254566
7124,8,67320,0.74254096
7124,9,470635,0.7414126
7124,10,231781,0.7396956
2857,1,501384,0.79172003
2857,2,127566,0.7734214
2857,3,233732,0.7728734
2857,4,329930,0.762726
2857,5,233223,0.76011395
2857,6,519025,0.7533452
2857,7,76996,0.75253
2857,8,542051,0.75090027
2857,9,580313,0.7497858
2857,10,49235,0.74650884
8539,1,283074,0.8185532
8539,2,370777,0.794145
8539,3,425452,0.7899076
8539,4,134542,0.7857554
8539,5,520563,0.7831806
8539,6,102620,0.77652395
8539,7,199237,0.7758938
8539,8,43683,0.7757276
8539,9,218728,0.7738806
8539,10,378137,0.7733749
6896,1,221715,0.77211773
6896,2,333605,0.7672381
6896,3,219762,0.7666367
6896,4,390864,0.7656601
6896,5,528157,0.7595945
6896,6,522319,0.7591644
6896,7,490620,0.75816816
6896,8,337993,0.7575999
6896,9,473504,0.757151
6896,10,241425,0.75657916
1085,1,573216,0.780572
1085,2,161422,0.7785191
1085,3,372039,0.77083665
1085,4,390461,0.76590043
1085,5,233535,0.76497924
1085,6,219119,0.76184875
1085,7,1218,0.75179714
1085,8,176350,0.74759144
1085,9,546028,0.7472396
1085,10,398258,0.7467586
5422,1,165294,0.7814854
5422,2,276786,0.7729562
5422,3,273906,0.77186906
5422,4,172587,0.76510483
5422,5,193555,0.75776017
5422,6,191688,0.75361276
5422,7,136825,0.74940705
5422,8,63871,0.74731624
5422,9,221319,0.7467609
5422,10,552371,0.74128175
8247,1,350317,0.8166532
8247,2,161041,0.8131048
8247,3,518735,0.8082803
8247,4,492053,0.79852164
8247,5,153112,0.79300755
8247,6,545267,0.7920661
8247,7,586010,0.7894058
8247,8,238629,0.78913254
8247,9,195767,0.7887845
8247,10,84238,0.7855816
4946,1,121690,0.79297054
4946,2,564338,0.7636279
4946,3,6386,0.7385627
4946,4,576131,0.7342336
4946,5,584860,0.7330351
4946,6,55820,0.7212266
4946,7,517161,0.7194126
4946,8,156816,0.71859324
4946,9,266221,0.71789706
4946,10,491257,0.7128664
10482,1,447567,0.80216014
10482,2,406192,0.7804814
10482,3,237052,0.7773732
10482,4,18436,0.7770127
10482,5,341102,0.7739424
10482,6,464264,0.7729564
10482,7,523933,0.76926166
10482,8,434466,0.7685997
10482,9,544070,0.7629075
10482,10,361010,0.7611563
4571,1,213824,0.8413687
4571,2,496857,0.7292396
4571,3,183880,0.6968831
4571,4,131703,0.67325866
4571,5,518394,0.6723883
4571,6,505678,0.672376
4571,7,69171,0.6714405
4571,8,469652,0.66922724
4571,9,519314,0.6682792
4571,10,381259,0.66815454
8789,1,87349,0.8977551
8789,2,41912,0.82499355
8789,3,212470,0.7622212
8789,4,427859,0.758568
8789,5,306782,0.75708294
8789,6,178296,0.75012124
8789,7,341424,0.7500653
8789,8,393759,0.74584395
8789,9,573079,0.74405736
8789,10,325669,0.74397445
8034,1,129466,0.7640081
8034,2,156923,0.761163
8034,3,324916,0.760971
8034,4,550319,0.75788426
8034,5,503981,0.7576952
8034,6,20994,0.757228
8034,7,31936,0.7559295
8034,8,192910,0.75435257
8034,9,308071,0.75341314
8034,10,413856,0.7507617
4600,1,482415,0.803205
4600,2,14035,0.7654111
4600,3,260984,0.7627393
4600,4,257633,0.7493953
4600,5,388391,0.74873745
4600,6,131380,0.74620426
4600,7,393791,0.7444266
4600,8,439719,0.7435715
4600,9,493711,0.74277353
4600,10,294,0.7426449
2423,1,81343,0.78963006
2423,2,396127,0.7839558
2423,3,328157,0.7794502
2423,4,308130,0.7757144
2423,5,529444,0.77338076
2423,6,234846,0.7727445
2423,7,431203,0.77105033
2423,8,489480,0.7674304
2423,9,538282,0.76723987
2423,10,374266,0.7662499
8475,1,494655,0.8424865
8475,2,481728,0.8135296
8475,3,240562,0.80831605
8475,4,444107,0.80810285
8475,5,104793,0.8011822
8475,6,163566,0.78623265
8475,7,437427,0.7705435
8475,8,79083,0.76550883
8475,9,225395,0.75259495
8475,10,118691,0.7504958
4523,1,272070,0.77106446
4523,2,66626,0.7659526
4523,3,136270,0.76268685
4523,4,80913,0.7620831
4523,5,93073,0.757923
4523,6,521996,0.7540287
4523,7,393009,0.7518858
4523,8,340209,0.7518428
4523,9,327600,0.7504233
4523,10,312821,0.74970454
8513,1,175821,0.8040829
8513,2,572622,0.79907584
8513,3,28740,0.78365636
8513,4,203873,0.7825719
8513,5,376036,0.781093
8513,6,315760,0.7751082
8513,7,261522,0.774959
8513,8,351396,0.77296126
8513,9,221869,0.7725582
8513,10,486768,0.77251714
1198,1,56718,0.74438715
1198,2,524788,0.72654164
1198,3,232544,0.71008223
1198,4,300254,0.70692986
1198,5,394871,0.699661
1198,6,29300,0.69417727
1198,7,433292,0.69373286
1198,8,201954,0.69158804
1198,9,510144,0.69054306
1198,10,480005,0.69048333
9291,1,17208,0.81554973
9291,2,88823,0.8114191
9291,3,236006,0.8094558
9291,4,143238,0.7934214
9291,5,536120,0.7895996
9291,6,454224,0.7808567
9291,7,83409,0.78052425
9291,8,419985,0.7797469
9291,9,24742,0.77622193
9291,10,565738,0.76392156
8532,1,279401,0.8020778
8532,2,416307,0.79022396
8532,3,42438,0.76815045
8532,4,94262,0.76813954
8532,5,421311,0.76794314
8532,6,74839,0.7661308
8532,7,580927,0.761543
8532,8,276381,0.75865614
8532,9,349974,0.75794655
8532,10,387147,0.7578387
1824,1,310103,0.7938801
1824,2,244808,0.7783996
1824,3,122449,0.7716997
1824,4,109203,0.76148844
1824,5,364378,0.75894856
1824,6,152027,0.7564585
1824,7,391463,0.7492594
1824,8,154988,0.74895775
1824,9,298638,0.74165386
1824,10,101748,0.74075466
5054,1,101124,0.7592783
5054,2,588481,0.7450256
5054,3,437041,0.742034
5054,4,220665,0.7312262
5054,5,582899,0.7264503
5054,6,183189,0.7258092
5054,7,370995,0.7245331
5054,8,414839,0.71972346
5054,9,534010,0.7191194
5054,10,448872,0.7185634
1159,1,112669,0.69667685
1159,2,163881,0.69381076
1159,3,156063,0.692595
1159,4,257201,0.68872523
1159,5,347181,0.67923146
1159,6,439899,0.6766957
1159,7,388856,0.67564166
1159,8,237282,0.669876
1159,9,144948,0.6688975
1159,10,132287,0.66644657
4920,1,228341,0.85144484
4920,2,306815,0.8068244
4920,3,82294,0.7950437
4920,4,338782,0.78655493
4920,5,317399,0.7815895
4920,6,266900,0.781281
4920,7,254730,0.77800727
4920,8,115918,0.77627623
4920,9,173146,0.77543736
4920,10,365189,0.7739234
68,1,545296,0.75031185
68,2,524879,0.7190542
68,3,571711,0.71453106
68,4,287474,0.7062127
68,5,541809,0.7048632
68,6,334107,0.69888645
68,7,146657,0.69711554
68,8,525149,0.6969407
68,9,192516,0.6959245
68,10,97719,0.6958236
7269,1,343586,0.7578048
7269,2,241928,0.738652
7269,3,412830,0.7306164
7269,4,314826,0.72572297
7269,5,152045,0.72225326
7269,6,486696,0.71996
7269,7,51936,0.7177178
7269,8,275555,0.71626717
7269,9,91671,0.715847
7269,10,204761,0.71578395
750,1,419768,0.84794873
750,2,312493,0.81495786
750,3,180501,0.8025196
750,4,103590,0.79892814
750,5,5762,0.7934984
750,6,216892,0.78640497
750,7,33602,0.78500366
750,8,73261,0.7830882
750,9,396010,0.7801225
750,10,517748,0.77951854
9701,1,473883,0.7225399
9701,2,177261,0.7202181
9701,3,410404,0.7062828
9701,4,91746,0.7059106
9701,5,258048,0.7010687
9701,6,187806,0.6915406
9701,7,384000,0.68951666
9701,8,516214,0.68815446
9701,9,587514,0.6880945
9701,10,408865,0.68055594
6199,1,584273,0.7831664
6199,2,414693,0.7517797
6199,3,370186,0.73092556
6199,4,10399,0.7286939
6199,5,194335,0.7040412
6199,6,593433,0.69750273
6199,7,490042,0.69724363
6199,8,303820,0.6946994
6199,9,47163,0.69081175
6199,10,430747,0.6895369
9126,1,334473,0.75348663
9126,2,282005,0.71476823
9126,3,9683,0.70509
9126,4,477588,0.7023082
9126,5,187401,0.6890211
9126,6,192900,0.68608403
9126,7,253998,0.685274
9126,8,222498,0.68204486
9126,9,1203,0.6793514
9126,10,181238,0.6787709
34,1,458917,0.7829448
34,2,255277,0.77440894
34,3,483268,0.76841384
34,4,411354,0.7682462
34,5,490867,0.7637754
34,6,217557,0.7626699
34,7,168320,0.76203656
34,8,411000,0.760195
34,9,551545,0.75899196
34,10,97490,0.75460255
4011,1,136367,0.78642184
4011,2,67699,0.74322283
4011,3,470,0.7211058
4011,4,52283,0.7106757
4011,5,327880,0.7032762
4011,6,325881,0.70077795
4011,7,149669,0.69938993
4011,8,105010,0.69859314
4011,9,410936,0.6978769
4011,10,98013,0.6961374
4700,1,345137,0.7567458
4700,2,444679,0.756691
4700,3,486604,0.7554289
4700,4,505181,0.7482533
4700,5,71036,0.74613744
4700,6,361687,0.7460625
4700,7,545123,0.7413638
4700,8,340287,0.7381824
4700,9,421379,0.73774916
4700,10,19702,0.7376206
6395,1,584223,0.74827945
6395,2,467463,0.7436055
6395,3,296475,0.733675
6395,4,512984,0.7285085
6395,5,477588,0.7277241
6395,6,116436,0.7263405
6395,7,4845,0.7232325
6395,8,118389,0.71781075
6395,9,505223,0.71714723
6395,10,324564,0.7171459
852,1,431735,0.7978549
852,2,237450,0.759168
852,3,531288,0.7452067
852,4,245702,0.72703993
852,5,184800,0.7211901
852,6,156793,0.70639014
852,7,170628,0.705145
852,8,176254,0.70331836
852,9,222639,0.69912934
852,10,439545,0.6960319
9115,1,245082,0.83514583
9115,2,419897,0.81770575
9115,3,422467,0.8031741
9115,4,209359,0.7864963
9115,5,428786,0.7776214
9115,6,222320,0.774569
9115,7,158520,0.7714673
9115,8,333122,0.769908
9115,9,240215,0.76921797
9115,10,314478,0.76728797
1297,1,307490,0.75768197
1297,2,171761,0.75720775
1297,3,46658,0.75512576
1297,4,102880,0.7121884
1297,5,41239,0.7092921
1297,6,545270,0.70855916
1297,7,15420,0.70669216
1297,8,241249,0.70487154
1297,9,573975,0.70331323
1297,10,375713,0.7011415
5085,1,102436,0.79558265
5085,2,180733,0.7666686
5085,3,451301,0.7664232
5085,4,171072,0.7609339
5085,5,332567,0.76034737
5085,6,376314,0.75631654
5085,7,593455,0.7549988
5085,8,139387,0.7528776
5085,9,237783,0.7479715
5085,10,11032,0.7475817
4767,1,420018,0.8640075
4767,2,429153,0.8365004
4767,3,306834,0.82470036
4767,4,395590,0.81819487
4767,5,260095,0.8100817
4767,6,351312,0.80951464
4767,7,56867,0.8073509
4767,8,376016,0.8069763
4767,9,131327,0.80368036
4767,10,147437,0.80173254
2593,1,449630,0.75332654
2593,2,147343,0.74897766
2593,3,145789,0.74500513
2593,4,106161,0.7440501
2593,5,156716,0.737633
2593,6,39749,0.73618823
2593,7,501690,0.73546064
2593,8,469515,0.7333673
2593,9,403288,0.730796
2593,10,335859,0.73007584
2724,1,162916,0.80446887
2724,2,41675,0.8044628
2724,3,51205,0.78272015
2724,4,245867,0.78175306
2724,5,518487,0.7730622
2724,6,3118,0.7721374
2724,7,491472,0.76327074
2724,8,449623,0.76126295
2724,9,448044,0.75889456
2724,10,315345,0.758663
11088,1,437100,0.733461
11088,2,547388,0.71987647
11088,3,487343,0.7082538
11088,4,209846,0.70407665
11088,5,244856,0.6973635
11088,6,225785,0.6969718
11088,7,438080,0.69587505
11088,8,295142,0.69533676
11088,9,542613,0.68328
11088,10,436064,0.6805511
18,1,88124,0.7338598
18,2,494880,0.7267887
18,3,8415,0.72666883
18,4,459689,0.7233902
18,5,504317,0.7226916
18,6,377152,0.7215056
18,7,502283,0.71355414
18,8,431685,0.70655537
18,9,552756,0.7007269
18,10,58611,0.6972506
109,1,73427,0.8024778
109,2,83346,0.7690232
109,3,492178,0.76785237
109,4,107584,0.7580675
109,5,242923,0.7481289
109,6,367754,0.7475541
109,7,542022,0.74607503
109,8,500755,0.74583113
109,9,146657,0.74526715
109,10,366830,0.744028
8351,1,141213,0.73624486
8351,2,300139,0.7337977
8351,3,102316,0.7301066
8351,4,547460,0.72043115
8351,5,277311,0.72039866
8351,6,93231,0.7171136
8351,7,238075,0.71457547
8351,8,402726,0.7116049
8351,9,344065,0.71100783
8351,10,389501,0.7109767
6131,1,326094,0.8389164
6131,2,391384,0.8191853
6131,3,368806,0.7994707
6131,4,99449,0.78883386
6131,5,218088,0.78536505
6131,6,533288,0.78517455
6131,7,296165,0.78072417
6131,8,116243,0.7777488
6131,9,228871,0.77723694
6131,10,496080,0.77713203
3480,1,221015,0.81472945
3480,2,418352,0.7803303
3480,3,75568,0.7580656
3480,4,53468,0.75462997
3480,5,566837,0.6390893
3480,6,289700,0.6355478
3480,7,9814,0.6325937
3480,8,171123,0.63224936
3480,9,200457,0.626477
3480,10,563884,0.6250409
7992,1,132601,0.79611003
7992,2,181515,0.77412087
7992,3,277373,0.76670015
7992,4,246109,0.76368284
7992,5,180571,0.7596201
7992,6,144114,0.75352323
7992,7,160464,0.7526188
7992,8,569066,0.75195074
7992,9,233394,0.7474414
7992,10,559654,0.7444937
858,1,378821,0.7996597
858,2,55751,0.7991714
858,3,216964,0.79647124
858,4,410461,0.79429126
858,5,293027,0.7928498
858,6,289,0.7891364
858,7,420118,0.78892696
858,8,358164,0.78877014
858,9,558466,0.78871596
858,10,383616,0.7855021
4019,1,269671,0.7931872
4019,2,204479,0.7884786
4019,3,379948,0.78826815
4019,4,123256,0.7751651
4019,5,400714,0.77475303
4019,6,386211,0.7733635
4019,7,154508,0.7712478
4019,8,85977,0.7681322
4019,9,879,0.76748765
4019,10,179640,0.7660382
6080,1,22856,0.79786485
6080,2,2809,0.6863548
6080,3,535357,0.66851914
6080,4,109459,0.66622555
6080,5,471414,0.6631926
6080,6,201500,0.66225356
6080,7,466084,0.6612973
6080,8,236732,0.6606642
6080,9,547087,0.66035914
6080,10,437405,0.6587312
2580,1,344118,0.79475105
2580,2,461062,0.7628331
2580,3,274421,0.7552723
2580,4,187675,0.7545113
2580,5,72446,0.7480148
2580,6,31244,0.7439741
2580,7,85250,0.7411334
2580,8,429941,0.7409697
2580,9,62552,0.7402569
2580,10,232114,0.73996997
7513,1,391215,0.70071906
7513,2,31779,0.68696153
7513,3,222505,0.68336934
7513,4,520963,0.6715881
7513,5,172569,0.66855556
7513,6,524525,0.66801393
7513,7,85319,0.66639334
7513,8,275334,0.66509056
7513,9,220486,0.66475475
7513,10,29642,0.6640706
6959,1,208331,0.75806755
6959,2,94591,0.75070024
6959,3,116846,0.7437752
6959,4,229573,0.74215865
6959,5,468025,0.7416953
6959,6,177926,0.7333322
6959,7,198583,0.73280346
6959,8,472537,0.7290861
6959,9,52855,0.727478
6959,10,173836,0.72699296
5402,1,90579,0.7789755
5402,2,445163,0.7650723
5402,3,44105,0.7515772
5402,4,425994,0.7509822
5402,5,122807,0.7458959
5402,6,51728,0.7429281
5402,7,467195,0.73826474
5402,8,427110,0.73632807
5402,9,393617,0.73458195
5402,10,7928,0.7323743
4504,1,2981,0.8178567
4504,2,566458,0.796659
4504,3,44617,0.7456523
4504,4,51182,0.7455362
4504,5,69395,0.7436532
4504,6,568518,0.7375745
4504,7,14543,0.7355412
4504,8,540919,0.7343458
4504,9,50542,0.73320645
4504,10,272174,0.7310635
6562,1,582414,0.7265974
6562,2,324817,0.7171023
6562,3,473605,0.7163341
6562,4,69171,0.71494406
6562,5,185146,0.7108845
6562,6,183880,0.7048306
6562,7,346486,0.70432323
6562,8,60446,0.7040982
6562,9,10294,0.7006395
6562,10,282744,0.6987176
4775,1,265477,0.8093531
4775,2,365651,0.79773223
4775,3,95321,0.7957027
4775,4,436840,0.79462564
4775,5,321207,0.7898427
4775,6,281919,0.78602827
4775,7,306834,0.78574026
4775,8,9216,0.7846912
4775,9,56867,0.7815585
4775,10,440678,0.78039485
9565,1,478291,0.89866513
9565,2,292559,0.8974161
9565,3,84213,0.8533529
9565,4,170318,0.85160947
9565,5,580576,0.8515396
9565,6,263751,0.8411219
9565,7,295082,0.8405317
9565,8,444747,0.8354011
9565,9,139094,0.83042544
9565,10,335606,0.8296476
10734,1,263481,0.76412725
10734,2,225718,0.76098245
10734,3,62882,0.7380936
10734,4,426278,0.737772
10734,5,329496,0.7339347
10734,6,486828,0.724957
10734,7,589970,0.7240342
10734,8,543584,0.71061033
10734,9,582308,0.7078428
10734,10,470289,0.70542336
701,1,22710,0.7742162
701,2,352552,0.76753736
701,3,412868,0.74984324
701,4,436505,0.74416304
701,5,278168,0.74381006
701,6,177074,0.7420702
701,7,302022,0.7398251
701,8,125482,0.7372074
701,9,344955,0.7337054
701,10,459119,0.73296416
585,1,311117,0.7620819
585,2,552375,0.73353124
585,3,341625,0.7268017
585,4,556831,0.7240268
585,5,498631,0.7189567
585,6,562325,0.71744424
585,7,67301,0.71620643
585,8,565016,0.7150042
585,9,117801,0.7138045
585,10,126065,0.71285295
8934,1,96697,0.7749945
8934,2,129327,0.76856613
8934,3,412586,0.76587695
8934,4,276860,0.7620536
8934,5,62346,0.7616357
8934,6,197047,0.75962496
8934,7,535659,0.75851476
8934,8,244754,0.75847256
8934,9,284982,0.75734544
8934,10,189142,0.75687826
11054,1,321015,0.85390997
11054,2,155053,0.8528827
11054,3,199544,0.8016105
11054,4,444405,0.78973204
11054,5,109305,0.78651494
11054,6,101578,0.78165925
11054,7,159462,0.7796464
11054,8,419160,0.77634305
11054,9,52080,0.7751616
11054,10,66858,0.77200913
56,1,572690,0.7367343
56,2,156554,0.72249657
56,3,181187,0.7119668
56,4,384994,0.71095055
56,5,504056,0.70755595
56,6,451929,0.7043387
56,7,562780,0.69349676
56,8,397027,0.6928945
56,9,588194,0.6917018
56,10,109203,0.69122434
6862,1,386796,0.8133209
6862,2,94689,0.7856908
6862,3,93727,0.7496355
6862,4,192910,0.74326533
6862,5,89351,0.73524153
6862,6,326991,0.7333286
6862,7,201226,0.73194426
6862,8,238173,0.7291435
6862,9,31978,0.7265067
6862,10,129466,0.72356236
9598,1,498597,0.7989663
9598,2,574327,0.79187703
9598,3,298350,0.7906452
9598,4,452122,0.79003817
9598,5,192125,0.78684324
9598,6,220486,0.78299695
9598,7,367960,0.7751961
9598,8,188497,0.7749628
9598,9,558130,0.77216375
9598,10,528034,0.7715942
4265,1,157553,0.7895806
4265,2,392163,0.760014
4265,3,372283,0.73017657
4265,4,333443,0.7253854
4265,5,355636,0.72418344
4265,6,126603,0.71582866
4265,7,293111,0.7142005
4265,8,383555,0.7113172
4265,9,135511,0.7052754
4265,10,44360,0.7047121
90,1,423074,0.82236457
90,2,454537,0.8032552
90,3,370542,0.80058014
90,4,170933,0.79898065
90,5,515233,0.79554
90,6,458431,0.79395604
90,7,205341,0.790727
90,8,220022,0.7895972
90,9,80866,0.7886421
90,10,458079,0.788117
8592,1,212025,0.8179882
8592,2,382381,0.79278415
8592,3,287325,0.78395796
8592,4,183166,0.7806263
8592,5,193717,0.7799995
8592,6,441718,0.7663622
8592,7,290468,0.7637712
8592,8,340264,0.76187
8592,9,580534,0.7536937
8592,10,163566,0.753196
10547,1,503981,0.8162618
10547,2,281223,0.78590274
10547,3,4883,0.78524786
10547,4,234983,0.7822604
10547,5,95683,0.7796105
10547,6,110608,0.77702427
10547,7,422476,0.7759521
10547,8,287322,0.7741499
10547,9,404339,0.77284575
10547,10,304276,0.77182627
5231,1,535343,0.76403123
5231,2,542721,0.7230113
5231,3,54225,0.7099
5231,4,548596,0.7070968
5231,5,229119,0.7054168
5231,6,510163,0.70344055
5231,7,537111,0.7024976
5231,8,564338,0.70180297
5231,9,71553,0.70176333
5231,10,167586,0.7001479
7674,1,251596,0.7814693
7674,2,94653,0.78094244
7674,3,437436,0.78029656
7674,4,447886,0.7782042
7674,5,289045,0.77442443
7674,6,514841,0.77274334
7674,7,184756,0.7719915
7674,8,249279,0.7710394
7674,9,591534,0.76654994
7674,10,155151,0.76632977
3103,1,176596,0.77802193
3103,2,229937,0.76122487
3103,3,456679,0.69627386
3103,4,288464,0.6961716
3103,5,280699,0.69565666
3103,6,138645,0.6855993
3103,7,78086,0.6851464
3103,8,502666,0.6843132
3103,9,572796,0.68236625
3103,10,446340,0.6776465
10137,1,308048,0.7902124
10137,2,78632,0.7871121
10137,3,89351,0.75648105
10137,4,57168,0.7524964
10137,5,412226,0.7488146
10137,6,18349,0.73488283
10137,7,447303,0.7313074
10137,8,382295,0.7306262
10137,9,581642,0.72689176
10137,10,197478,0.726731
1415,1,387165,0.8120234
1415,2,393953,0.79700476
1415,3,66246,0.79507023
1415,4,185282,0.77455735
1415,5,318266,0.7705687
1415,6,306144,0.7646538
1415,7,342694,0.7597803
1415,8,164427,0.7571234
1415,9,276934,0.75659627
1415,10,156405,0.75570613
5940,1,386278,0.77651036
5940,2,473798,0.7719706
5940,3,250354,0.7719389
5940,4,239064,0.7711836
5940,5,46842,0.7685907
5940,6,182226,0.7622769
5940,7,95397,0.75913566
5940,8,530,0.75707316
5940,9,473154,0.7567253
5940,10,407505,0.75190306
6612,1,62694,0.79078937
6612,2,300554,0.7807204
6612,3,301192,0.78071284
6612,4,101363,0.7806137
6612,5,28060,0.779204
6612,6,254454,0.776444
6612,7,317945,0.7763713
6612,8,358687,0.775225
6612,9,338606,0.7745863
6612,10,14083,0.7741603
945,1,332626,0.78469145
945,2,26182,0.7632642
945,3,185384,0.76157236
945,4,52882,0.75094974
945,5,594784,0.7491699
945,6,352052,0.74900985
945,7,331384,0.74468935
945,8,136315,0.74147356
945,9,193367,0.73921525
945,10,347723,0.7386816
2549,1,535593,0.7530216
2549,2,36038,0.7522663
2549,3,501488,0.75036645
2549,4,287567,0.7457754
2549,5,221277,0.7419848
2549,6,584801,0.7358642
2549,7,305758,0.7351053
2549,8,420991,0.73129267
2549,9,202913,0.7295752
2549,10,489933,0.72724843
4714,1,584450,0.8067328
4714,2,505057,0.7741442
4714,3,211503,0.7646755
4714,4,386349,0.7534368
4714,5,479390,0.7462467
4714,6,264085,0.74548566
4714,7,296401,0.7399159
4714,8,146021,0.73739505
4714,9,268992,0.73696005
4714,10,237653,0.7334324
588,1,184838,0.8295386
588,2,439010,0.8236836
588,3,203710,0.8216338
588,4,583577,0.81785023
588,5,8901,0.79020953
588,6,574011,0.7866564
588,7,367137,0.785256
588,8,215189,0.7852421
588,9,480318,0.7829033
588,10,306679,0.78286326
4233,1,590836,0.80486524
4233,2,16270,0.7509898
4233,3,199362,0.7149263
4233,4,187129,0.71267354
4233,5,353048,0.7068082
4233,6,348225,0.7026241
4233,7,160578,0.69457084
4233,8,445113,0.6860983
4233,9,141235,0.6859828
4233,10,556827,0.684403
6441,1,293389,0.8096703
6441,2,176717,0.8029151
6441,3,109422,0.7986691
6441,4,119161,0.796249
6441,5,327080,0.7830694
6441,6,449623,0.7800069
6441,7,315205,0.76894176
6441,8,336399,0.7573575
6441,9,271920,0.7571854
6441,10,254279,0.75639075
8456,1,257853,0.8002333
8456,2,176822,0.7963789
8456,3,280111,0.784135
8456,4,123595,0.78124654
8456,5,125659,0.774212
8456,6,464132,0.7719289
8456,7,469036,0.77102196
8456,8,588116,0.7702825
8456,9,354815,0.7690114
8456,10,92267,0.7661749
10213,1,510022,0.7328323
10213,2,386305,0.73143697
10213,3,195373,0.7255677
10213,4,305904,0.710866
10213,5,266239,0.7108423
10213,6,272198,0.70222867
10213,7,158670,0.70184547
10213,8,425479,0.69851196
10213,9,436777,0.6978022
10213,10,524257,0.69690484
106,1,365410,0.7439232
106,2,76695,0.6889426
106,3,589692,0.68146557
106,4,266209,0.6808479
106,5,451723,0.6774088
106,6,336601,0.6761088
106,7,420915,0.6746036
106,8,345952,0.6745999
106,9,544254,0.6739228
106,10,115584,0.67347836
4306,1,450694,0.8992542
4306,2,116921,0.83525324
4306,3,87057,0.81874466
4306,4,499875,0.8179522
4306,5,79777,0.79793984
4306,6,490113,0.79720396
4306,7,233718,0.7804206
4306,8,472298,0.7793064
4306,9,505763,0.7743982
4306,10,36853,0.7719485
5196,1,297331,0.77715385
5196,2,497408,0.762233
5196,3,572396,0.7601246
5196,4,454842,0.75900084
5196,5,330049,0.7562992
5196,6,557870,0.756042
5196,7,289483,0.7559758
5196,8,476088,0.7554997
5196,9,12035,0.7546995
5196,10,393866,0.7528664
3006,1,512096,0.7729634
3006,2,258704,0.7663571
3006,3,589531,0.7546989
3006,4,490382,0.75431037
3006,5,208962,0.7529595
3006,6,494093,0.7501854
3006,7,188831,0.7496383
3006,8,464500,0.74909586
3006,9,290441,0.74821454
3006,10,211713,0.7463387
7205,1,159966,0.84090865
7205,2,20022,0.78310186
7205,3,370569,0.77166486
7205,4,61832,0.7601714
7205,5,36038,0.758489
7205,6,376396,0.75706005
7205,7,491843,0.7495239
7205,8,536345,0.74951303
7205,9,37959,0.74917924
7205,10,451348,0.74813575
3909,1,92157,0.7657744
3909,2,404352,0.76312494
3909,3,152446,0.7606106
3909,4,596473,0.75417745
3909,5,237483,0.7537143
3909,6,328295,0.7515143
3909,7,526169,0.7514403
3909,8,39223,0.75051355
3909,9,113929,0.7501684
3909,10,472837,0.7497976
4116,1,109149,0.7754159
4116,2,249851,0.74484235
4116,3,234674,0.74100184
4116,4,112957,0.7039408
4116,5,540553,0.67896223
4116,6,14687,0.67783564
4116,7,267554,0.6720305
4116,8,593761,0.6710372
4116,9,452169,0.66775894
4116,10,169691,0.66713977
4942,1,241928,0.76029825
4942,2,308071,0.7589642
4942,3,112208,0.7493396
4942,4,197480,0.74924535
4942,5,591385,0.74913067
4942,6,276593,0.74365044
4942,7,585139,0.7396764
4942,8,591558,0.7360203
4942,9,74659,0.735075
4942,10,480748,0.7341167
6907,1,4854,0.785512
6907,2,21786,0.7678101
6907,3,249320,0.7672973
6907,4,27416,0.759622
6907,5,209754,0.758603
6907,6,247021,0.7563688
6907,7,427859,0.7561795
6907,8,421992,0.7557966
6907,9,599414,0.75567055
6907,10,227284,0.7549325
5464,1,44855,0.7791401
5464,2,16013,0.7732748
5464,3,292447,0.7657268
5464,4,248206,0.7639649
5464,5,383921,0.76156694
5464,6,178501,0.7530539
5464,7,150893,0.75195456
5464,8,42749,0.75177217
5464,9,569409,0.7497246
5464,10,423438,0.74892473
2385,1,373059,0.79464215
2385,2,210889,0.7102284
2385,3,572690,0.7022143
2385,4,82119,0.69762313
2385,5,217472,0.690431
2385,6,287348,0.6855738
2385,7,225948,0.6846695
2385,8,97962,0.6840151
2385,9,11295,0.68314135
2385,10,80742,0.681502
691,1,260087,0.7780533
691,2,341473,0.7751802
691,3,183774,0.77218425
691,4,140500,0.76039934
691,5,188072,0.7506439
691,6,357113,0.7396932
691,7,51325,0.73904157
691,8,243983,0.7356082
691,9,526568,0.7312311
691,10,204142,0.72848934
3177,1,106863,0.84344447
3177,2,270992,0.8404437
3177,3,370244,0.83489513
3177,4,377429,0.82963014
3177,5,392465,0.8277221
3177,6,364735,0.8266053
3177,7,500486,0.8248006
3177,8,454224,0.8194056
3177,9,367960,0.8193715
3177,10,539263,0.81864417
10034,1,437584,0.7572914
10034,2,493160,0.7513737
10034,3,392313,0.74621177
10034,4,565296,0.7455151
10034,5,44955,0.7429938
10034,6,510599,0.7414577
10034,7,181942,0.7408453
10034,8,340661,0.7403314
10034,9,123047,0.73878103
10034,10,508895,0.7378219
5090,1,12988,0.7627009
5090,2,217831,0.7328719
5090,3,317662,0.72990286
5090,4,67503,0.7058674
5090,5,386312,0.70586735
5090,6,586289,0.7051106
5090,7,530114,0.7040566
5090,8,461233,0.7031771
5090,9,414534,0.70228046
5090,10,92430,0.6977787
2088,1,293687,0.7855215
2088,2,473798,0.7822535
2088,3,72846,0.7775751
2088,4,53993,0.7722374
2088,5,581127,0.77138066
2088,6,391156,0.7656385
2088,7,177648,0.76558304
2088,8,277645,0.7643152
2088,9,158923,0.76428306
2088,10,77631,0.7630074
9391,1,535518,0.8217783
9391,2,248158,0.77926576
9391,3,577832,0.7661681
9391,4,283202,0.765476
9391,5,105666,0.7619869
9391,6,136515,0.7606004
9391,7,291548,0.75927687
9391,8,17923,0.75739944
9391,9,536580,0.755234
9391,10,159336,0.7543286
529,1,220165,0.8259654
529,2,161020,0.8131861
529,3,552756,0.80902743
529,4,151023,0.8068825
529,5,251392,0.80032015
529,6,213185,0.79471153
529,7,178942,0.78954375
529,8,34087,0.78891593
529,9,582571,0.78618383
529,10,327199,0.7836851
2118,1,409562,0.6575722
2118,2,494439,0.6481626
2118,3,479351,0.64796543
2118,4,527904,0.6447753
2118,5,203231,0.6432873
2118,6,41271,0.6407343
2118,7,266447,0.64046544
2118,8,480443,0.64018
2118,9,560321,0.6386217
2118,10,210029,0.6378507
3148,1,172855,0.83404356
3148,2,584305,0.7694118
3148,3,65046,0.75360215
3148,4,229913,0.7469515
3148,5,357280,0.7433231
3148,6,395995,0.7395704
3148,7,226590,0.739213
3148,8,451969,0.72601604
3148,9,548291,0.7255459
3148,10,76898,0.7231859
4955,1,152265,0.81238973
4955,2,87398,0.8103862
4955,3,198465,0.79766244
4955,4,211308,0.79477745
4955,5,316132,0.78676784
4955,6,367137,0.78282785
4955,7,189761,0.781326
4955,8,446214,0.7671045
4955,9,395111,0.76609695
4955,10,415738,0.765674
8275,1,435963,0.76099086
8275,2,369166,0.75984967
8275,3,541991,0.75367045
8275,4,417840,0.7525067
8275,5,327941,0.74984956
8275,6,116846,0.74928117
8275,7,582736,0.743945
8275,8,524846,0.74265075
8275,9,558703,0.7394712
8275,10,538915,0.73943746
4678,1,385929,0.77273476
4678,2,386151,0.7681484
4678,3,536773,0.76779
4678,4,376016,0.75571424
4678,5,78754,0.75458384
4678,6,311446,0.7508727
4678,7,488258,0.7500993
4678,8,516631,0.7498777
4678,9,179891,0.7498218
4678,10,457547,0.7467188
2398,1,556453,0.76200235
2398,2,147099,0.75860137
2398,3,149721,0.7351785
2398,4,168089,0.7329315
2398,5,44058,0.72496486
2398,6,430123,0.72129995
2398,7,309231,0.7212341
2398,8,361314,0.7156989
2398,9,249195,0.7132931
2398,10,237895,0.7125434
3569,1,546646,0.7562816
3569,2,77670,0.7532251
3569,3,417460,0.7531762
3569,4,384751,0.7524082
3569,5,19853,0.7475599
3569,6,156001,0.7463056
3569,7,773,0.74089277
3569,8,461049,0.73835105
3569,9,542628,0.7371414
3569,10,567891,0.7359593
8072,1,412223,0.8285068
8072,2,31465,0.82650316
8072,3,503075,0.8212748
8072,4,92109,0.81410855
8072,5,472537,0.81185913
8072,6,184051,0.8047221
8072,7,183419,0.8017931
8072,8,394244,0.7966981
8072,9,554207,0.79595685
8072,10,294522,0.79586995
7734,1,226070,0.84621346
7734,2,71029,0.831192
7734,3,194319,0.825086
7734,4,132097,0.8058518
7734,5,583708,0.8045188
7734,6,223823,0.8020084
7734,7,571234,0.79111236
7734,8,70512,0.7866863
7734,9,96013,0.78225756
7734,10,416732,0.78220284
8947,1,237336,0.8081615
8947,2,553031,0.80623126
8947,3,461592,0.80253077
8947,4,214174,0.80186915
8947,5,13209,0.78732914
8947,6,241161,0.78092015
8947,7,491700,0.780291
8947,8,580612,0.7784822
8947,9,304780,0.7752619
8947,10,484149,0.77485156
6746,1,254730,0.81141776
6746,2,333674,0.80634344
6746,3,68853,0.80529207
6746,4,61853,0.801379
6746,5,545287,0.8000678
6746,6,247680,0.7992247
6746,7,283982,0.79655397
6746,8,231221,0.79353225
6746,9,366484,0.7928948
6746,10,500534,0.7928227
5511,1,25190,0.8104955
5511,2,38786,0.80903083
5511,3,529123,0.8073195
5511,4,241326,0.80292106
5511,5,352027,0.80094117
5511,6,194382,0.8001971
5511,7,479050,0.80014735
5511,8,167213,0.79216796
5511,9,399863,0.7915057
5511,10,495595,0.79100347
6009,1,541730,0.84716177
6009,2,42347,0.8264462
6009,3,569627,0.8245437
6009,4,10017,0.82324636
6009,5,506460,0.8180928
6009,6,78816,0.8179672
6009,7,198583,0.81728846
6009,8,115134,0.8154362
6009,9,302372,0.80970645
6009,10,590744,0.800102
813,1,33503,0.8147064
813,2,321114,0.80409503
813,3,160555,0.80066913
813,4,67241,0.7981434
813,5,235004,0.79536974
813,6,97842,0.79422176
813,7,417751,0.78741527
813,8,548705,0.785107
813,9,110983,0.78437626
813,10,66858,0.7839929
8834,1,528827,0.8066653
8834,2,163396,0.8027542
8834,3,569224,0.79896426
8834,4,599156,0.7904033
8834,5,197151,0.7874923
8834,6,39345,0.787137
8834,7,576624,0.7857148
8834,8,149384,0.7793005
8834,9,57387,0.7788061
8834,10,287092,0.77874315
1157,1,166977,0.77247655
1157,2,405777,0.76185274
1157,3,44256,0.7613257
1157,4,584074,0.75676703
1157,5,233877,0.7518414
1157,6,363495,0.74664295
1157,7,439460,0.746574
1157,8,126771,0.7461651
1157,9,123756,0.74461603
1157,10,569993,0.74413335
988,1,266239,0.7927719
988,2,133935,0.7922604
988,3,194080,0.7881732
988,4,312359,0.78706163
988,5,245616,0.7765918
988,6,501384,0.77624345
988,7,269671,0.7761499
988,8,326872,0.7760525
988,9,61575,0.77505445
988,10,82482,0.7718507
3369,1,443002,0.83991534
3369,2,18485,0.81706035
3369,3,555377,0.8166726
3369,4,296405,0.8151159
3369,5,15841,0.8146404
3369,6,4976,0.80529714
3369,7,240373,0.8047934
3369,8,301616,0.7981681
3369,9,392371,0.7969035
3369,10,341493,0.79482746
9296,1,408524,0.84008557
9296,2,206744,0.83448315
9296,3,148721,0.80531454
9296,4,368124,0.79730046
9296,5,209996,0.79645956
9296,6,530631,0.7890471
9296,7,159471,0.7874211
9296,8,410123,0.78242755
9296,9,428187,0.7820806
9296,10,147282,0.78085375
9643,1,71230,0.7825919
9643,2,448908,0.78008115
9643,3,295993,0.7733525
9643,4,591558,0.77021265
9643,5,112208,0.75894743
9643,6,103987,0.757303
9643,7,158639,0.7496006
9643,8,281763,0.7479266
9643,9,386299,0.74641705
9643,10,89591,0.7451378
9245,1,178497,0.8116931
9245,2,131488,0.81097716
9245,3,207253,0.799266
9245,4,259560,0.79543424
9245,5,472516,0.7937052
9245,6,340264,0.7920785
9245,7,518340,0.78568447
9245,8,186869,0.78533953
9245,9,391156,0.7824911
9245,10,147805,0.78088915
3490,1,189028,0.80205536
3490,2,311782,0.8006905
3490,3,306688,0.7991601
3490,4,556696,0.7976389
3490,5,447651,0.79485464
3490,6,291886,0.793524
3490,7,195767,0.7924819
3490,8,367742,0.78732485
3490,9,102443,0.7849521
3490,10,581866,0.7845548
5763,1,129439,0.75394654
5763,2,89964,0.7504672
5763,3,396540,0.74798715
5763,4,329504,0.7369585
5763,5,218144,0.73518765
5763,6,331255,0.7345666
5763,7,581455,0.72934365
5763,8,324874,0.7278779
5763,9,230297,0.72734785
5763,10,596272,0.7269974
26,1,176284,0.783806
26,2,336468,0.7669456
26,3,500755,0.75961965
26,4,483354,0.740879
26,5,274832,0.7380212
26,6,350819,0.733313
26,7,180071,0.7294631
26,8,563025,0.7219274
26,9,79136,0.7171564
26,10,274721,0.71500134
4962,1,232932,0.7717248
4962,2,52149,0.7713165
4962,3,337993,0.76648325
4962,4,154707,0.7621447
4962,5,36405,0.7608
4962,6,196173,0.7599987
4962,7,563169,0.75813115
4962,8,575509,0.7573728
4962,9,247021,0.7553713
4962,10,416839,0.75473595
4846,1,269701,0.66923547
4846,2,92650,0.6653387
4846,3,335892,0.664603
4846,4,3533,0.66248846
4846,5,23990,0.65901756
4846,6,236321,0.65826017
4846,7,248361,0.65757287
4846,8,383620,0.6573255
4846,9,271793,0.65619886
4846,10,597803,0.65546024
2460,1,549180,0.7591299
2460,2,584337,0.7539972
2460,3,530037,0.7456622
2460,4,410459,0.71219397
2460,5,28749,0.69972986
2460,6,526534,0.69282806
2460,7,589518,0.6835567
2460,8,77074,0.6745484
2460,9,493785,0.6718409
2460,10,441607,0.6716163
9403,1,51738,0.763497
9403,2,14349,0.75223863
9403,3,78754,0.7457391
9403,4,410450,0.73157096
9403,5,67500,0.73111904
9403,6,186332,0.7301581
9403,7,570632,0.7297117
9403,8,369996,0.7271006
9403,9,551986,0.72668254
9403,10,544337,0.7265617
5646,1,200972,0.8334847
5646,2,516413,0.7919285
5646,3,426510,0.77330637
5646,4,242013,0.7544385
5646,5,374145,0.73785865
5646,6,590080,0.7322366
5646,7,91788,0.7275653
5646,8,572848,0.72590387
5646,9,23016,0.72516704
5646,10,419570,0.7224781
3503,1,26339,0.81020373
3503,2,297764,0.79581726
3503,3,63091,0.7941264
3503,4,482077,0.7652171
3503,5,89509,0.7621447
3503,6,469125,0.75716865
3503,7,248448,0.7518694
3503,8,360621,0.750967
3503,9,279339,0.74257755
3503,10,178501,0.7390754
2676,1,582922,0.86286455
2676,2,55666,0.8482904
2676,3,101557,0.83587736
2676,4,581380,0.82394254
2676,5,460530,0.8218477
2676,6,127004,0.8154361
2676,7,583245,0.8057543
2676,8,31221,0.7960728
2676,9,97348,0.79041684
2676,10,584305,0.7880442
929,1,367754,0.78713
929,2,64556,0.7398164
929,3,422908,0.73326796
929,4,192379,0.7275411
929,5,374492,0.72747815
929,6,537593,0.7269467
929,7,396792,0.7232399
929,8,380786,0.72218
929,9,297391,0.72190017
929,10,463595,0.7218441
5993,1,94373,0.83022
5993,2,156195,0.82094955
5993,3,160193,0.8162288
5993,4,416796,0.81521356
5993,5,427206,0.8072665
5993,6,31189,0.80724585
5993,7,431212,0.7871699
5993,8,353911,0.7870943
5993,9,298908,0.781819
5993,10,544858,0.7754295
10845,1,191588,0.7700385
10845,2,67229,0.6792072
10845,3,475888,0.66319865
10845,4,416297,0.6615011
10845,5,231767,0.6562948
10845,6,496159,0.6553538
10845,7,227648,0.6491148
10845,8,344753,0.64906365
10845,9,136805,0.6486511
10845,10,46511,0.64845955
8116,1,251604,0.83185035
8116,2,327560,0.793445
8116,3,433032,0.790064
8116,4,236482,0.7812314
8116,5,64237,0.7728488
8116,6,138575,0.76944673
8116,7,147002,0.76053065
8116,8,433197,0.7585447
8116,9,414505,0.7458681
8116,10,404224,0.7391237
9633,1,353048,0.775415
9633,2,406378,0.77069485
9633,3,534418,0.766601
9633,4,536345,0.76176757
9633,5,573760,0.7581548
9633,6,501189,0.7578999
9633,7,311568,0.7524788
9633,8,512895,0.75174665
9633,9,162884,0.74961877
9633,10,259081,0.74786216
5710,1,227364,0.7204584
5710,2,278638,0.7195169
5710,3,473581,0.7187987
5710,4,534323,0.71826243
5710,5,106665,0.71753263
5710,6,289,0.71744543
5710,7,30774,0.7168411
5710,8,399738,0.7149633
5710,9,112342,0.7147904
5710,10,470687,0.7099159
9824,1,574777,0.75612724
9824,2,89591,0.75184184
9824,3,491973,0.7338428
9824,4,350680,0.72769827
9824,5,466255,0.7223537
9824,6,359442,0.7118522
9824,7,369551,0.7070924
9824,8,38906,0.70636934
9824,9,253135,0.7038791
9824,10,334383,0.702093
7529,1,89297,0.77198577
7529,2,514529,0.76648957
7529,3,464337,0.75603366
7529,4,451855,0.7549417
7529,5,102904,0.75404114
7529,6,65587,0.7474258
7529,7,293626,0.74560285
7529,8,464668,0.7452981
7529,9,211810,0.74297744
7529,10,134011,0.74260795
475,1,366761,0.84772015
475,2,431685,0.8227145
475,3,504317,0.8183167
475,4,58611,0.797669
475,5,131483,0.7912078
475,6,8415,0.7758618
475,7,494880,0.7736547
475,8,453961,0.7678077
475,9,502283,0.7657651
475,10,121393,0.76411927
5021,1,583941,0.7644168
5021,2,165973,0.7386315
5021,3,105717,0.73362094
5021,4,49893,0.72747105
5021,5,210470,0.7199007
5021,6,517935,0.7183078
5021,7,584801,0.71664226
5021,8,189341,0.7141745
5021,9,420991,0.7137903
5021,10,528576,0.71319145
9548,1,371922,0.7658664
9548,2,367014,0.7655003
9548,3,523810,0.7648463
9548,4,423658,0.7613244
9548,5,278346,0.7599274
9548,6,404800,0.75885594
9548,7,45174,0.75833315
9548,8,88311,0.75599456
9548,9,553031,0.7546254
9548,10,178438,0.75447154
7592,1,26357,0.77969855
7592,2,195526,0.76410985
7592,3,102002,0.7588279
7592,4,480155,0.7547387
7592,5,217629,0.7529086
7592,6,321196,0.7520461
7592,7,530446,0.74532115
7592,8,264565,0.74468136
7592,9,383863,0.7427319
7592,10,119075,0.74075246
2968,1,388646,0.7974392
2968,2,242124,0.79111147
2968,3,241819,0.7857566
2968,4,71360,0.7817473
2968,5,565429,0.773499
2968,6,11998,0.7724484
2968,7,202140,0.7708024
2968,8,122061,0.76352906
2968,9,352794,0.75905263
2968,10,402523,0.7556587
7758,1,574327,0.83968455
7758,2,43432,0.8157997
7758,3,159822,0.79347193
7758,4,122323,0.79002863
7758,5,217002,0.78912675
7758,6,412223,0.78896326
7758,7,79766,0.7880825
7758,8,480315,0.78614444
7758,9,351518,0.7851696
7758,10,558566,0.782228
3612,1,89484,0.7844678
3612,2,456436,0.7822333
3612,3,37152,0.7747104
3612,4,181158,0.7538674
3612,5,198229,0.75160706
3612,6,567383,0.750793
3612,7,420551,0.7491189
3612,8,378821,0.74868304
3612,9,429418,0.7470182
3612,10,153185,0.74681765
10596,1,208070,0.8948996
10596,2,316838,0.84605783
10596,3,394244,0.8435689
10596,4,164008,0.8423145
10596,5,127452,0.8292612
10596,6,565568,0.8256997
10596,7,413041,0.8252263
10596,8,87065,0.8132597
10596,9,503075,0.8082848
10596,10,183419,0.80578935
4153,1,154229,0.8098088
4153,2,197241,0.7990452
4153,3,17823,0.7757641
4153,4,273861,0.7744101
4153,5,529638,0.76847625
4153,6,392137,0.7665765
4153,7,216391,0.7649034
4153,8,160170,0.7608838
4153,9,89351,0.7559688
4153,10,530938,0.7533729
4409,1,102088,0.79555184
4409,2,102326,0.78436255
4409,3,243732,0.7829244
4409,4,360682,0.7680985
4409,5,223841,0.76083106
4409,6,244278,0.75944257
4409,7,268078,0.7591347
4409,8,337286,0.75485665
4409,9,426676,0.7546141
4409,10,237197,0.74843526
5369,1,574065,0.7651829
5369,2,409927,0.76320076
5369,3,51873,0.75240874
5369,4,373497,0.749311
5369,5,540959,0.74833083
5369,6,253563,0.74674654
5369,7,119075,0.74371016
5369,8,577542,0.74336183
5369,9,278071,0.7430934
5369,10,190553,0.74266076
2070,1,550303,0.7566863
2070,2,590209,0.7401384
2070,3,587737,0.7392963
2070,4,578357,0.733592
2070,5,597571,0.7330791
2070,6,469515,0.73080164
2070,7,249839,0.7288195
2070,8,390343,0.72104394
2070,9,484313,0.7182627
2070,10,261389,0.7178408
5505,1,100387,0.81424093
5505,2,495344,0.8110304
5505,3,220206,0.7628639
5505,4,575421,0.7579404
5505,5,21846,0.7528676
5505,6,141738,0.7524487
5505,7,27106,0.75183904
5505,8,410226,0.7504655
5505,9,484596,0.75009143
5505,10,391251,0.7494004
6611,1,198764,0.8142886
6611,2,293679,0.7989987
6611,3,57070,0.7946411
6611,4,331492,0.7806247
6611,5,268731,0.7677299
6611,6,549364,0.7663863
6611,7,236006,0.7662676
6611,8,542795,0.755546
6611,9,271949,0.75388783
6611,10,200912,0.75338066
11039,1,91183,0.80210966
11039,2,508534,0.79450065
11039,3,519750,0.78588873
11039,4,5203,0.7839691
11039,5,281049,0.7782176
11039,6,534837,0.77594125
11039,7,353625,0.77486265
11039,8,105557,0.7730411
11039,9,79363,0.7704341
11039,10,130691,0.76271474
5460,1,522341,0.8302231
5460,2,572272,0.81818265
5460,3,31189,0.81239843
5460,4,589582,0.80993056
5460,5,427206,0.80750763
5460,6,160193,0.8069991
5460,7,353911,0.80521685
5460,8,599499,0.8043721
5460,9,197796,0.80269164
5460,10,680,0.79960275
7925,1,44461,0.82222855
7925,2,292338,0.80867326
7925,3,345368,0.8086682
7925,4,568200,0.8031361
7925,5,118633,0.8014879
7925,6,102237,0.79769593
7925,7,89460,0.79698694
7925,8,221869,0.79372656
7925,9,49794,0.7906784
7925,10,226496,0.78988206
4286,1,70460,0.851326
4286,2,10531,0.77569056
4286,3,221479,0.77101886
4286,4,229239,0.77020055
4286,5,327060,0.7579216
4286,6,83572,0.75494367
4286,7,578677,0.75312954
4286,8,51848,0.75164616
4286,9,394373,0.75042
4286,10,211622,0.74778485
3789,1,459724,0.7879431
3789,2,274573,0.78654534
3789,3,465950,0.76065767
3789,4,129862,0.75393033
3789,5,223841,0.74439895
3789,6,434257,0.7388605
3789,7,492856,0.7380302
3789,8,522619,0.73418456
3789,9,569917,0.732999
3789,10,510805,0.73117566
5228,1,214934,0.80208457
5228,2,32455,0.7976618
5228,3,117661,0.79444075
5228,4,259476,0.7908652
5228,5,553328,0.77524287
5228,6,299101,0.77518916
5228,7,512621,0.7706664
5228,8,553205,0.7688285
5228,9,344335,0.76759905
5228,10,454951,0.7670943
2685,1,382005,0.73281646
2685,2,349319,0.7096094
2685,3,543275,0.6996714
2685,4,269380,0.68872297
2685,5,549359,0.6855109
2685,6,556711,0.67446303
2685,7,585543,0.67384505
2685,8,472629,0.67023516
2685,9,303639,0.66981864
2685,10,382629,0.66963
8702,1,135363,0.8324919
8702,2,194605,0.81993014
8702,3,36453,0.80909336
8702,4,157759,0.8048379
8702,5,420722,0.79346764
8702,6,529958,0.78967583
8702,7,6771,0.77266896
8702,8,271109,0.7683957
8702,9,558542,0.76060367
8702,10,382381,0.7593808
1877,1,178697,0.8690555
1877,2,195637,0.8168397
1877,3,590310,0.8071317
1877,4,181652,0.8030468
1877,5,367556,0.792738
1877,6,507476,0.7886833
1877,7,280021,0.7872735
1877,8,396968,0.78631794
1877,9,104934,0.77883923
1877,10,336917,0.7688126
10645,1,319182,0.8251661
10645,2,269169,0.8134806
10645,3,148632,0.8089457
10645,4,569849,0.8063509
10645,5,22221,0.80517507
10645,6,516607,0.8050665
10645,7,36284,0.8013801
10645,8,117696,0.797167
10645,9,562305,0.7965455
10645,10,340131,0.7896821
1090,1,446454,0.8196819
1090,2,281329,0.79394484
1090,3,573928,0.7891735
1090,4,220025,0.7858926
1090,5,349611,0.78157794
1090,6,16051,0.78140897
1090,7,548718,0.7796931
1090,8,88889,0.7764635
1090,9,35593,0.76962155
1090,10,550642,0.76806545
7080,1,596518,0.84061205
7080,2,161155,0.8113421
7080,3,330848,0.7921357
7080,4,536610,0.7895077
7080,5,416789,0.7866938
7080,6,436530,0.78661853
7080,7,438419,0.78654134
7080,8,155616,0.78538483
7080,9,571124,0.7819899
7080,10,132966,0.7815152
6122,1,496166,0.7786522
6122,2,403515,0.7253214
6122,3,558251,0.71349365
6122,4,118246,0.7114171
6122,5,92504,0.7060509
6122,6,131041,0.7029577
6122,7,461042,0.69882166
6122,8,53840,0.6964602
6122,9,182039,0.695374
6122,10,531934,0.6893389
3682,1,75686,0.7962225
3682,2,434788,0.7759577
3682,3,35500,0.7733848
3682,4,247313,0.7677007
3682,5,564611,0.76095223
3682,6,336018,0.75534725
3682,7,188531,0.75501186
3682,8,255978,0.75324243
3682,9,107045,0.7521038
3682,10,537418,0.75015825
4514,1,426270,0.83627474
4514,2,240894,0.8179308
4514,3,408336,0.8163942
4514,4,479398,0.81484646
4514,5,471825,0.8007816
4514,6,156211,0.7831738
4514,7,180404,0.76252735
4514,8,528833,0.7623277
4514,9,532381,0.7591584
4514,10,99089,0.7591192
8507,1,568200,0.8441244
8507,2,236415,0.8331951
8507,3,144349,0.83194053
8507,4,26292,0.831187
8507,5,310683,0.8310051
8507,6,27015,0.82644594
8507,7,41852,0.8245456
8507,8,88813,0.82381153
8507,9,99132,0.8229112
8507,10,220608,0.82194054
6221,1,352363,0.81704736
6221,2,208842,0.813514
6221,3,274108,0.8108381
6221,4,110081,0.786227
6221,5,69150,0.7837037
6221,6,115756,0.77472323
6221,7,399259,0.769454
6221,8,380486,0.7636073
6221,9,564408,0.7629672
6221,10,37070,0.76250505
1819,1,176017,0.78733826
1819,2,93972,0.76966983
1819,3,250285,0.7659364
1819,4,303685,0.76232994
1819,5,547773,0.762154
1819,6,56129,0.75311875
1819,7,499028,0.74752396
1819,8,207992,0.74736977
1819,9,220691,0.7453995
1819,10,88973,0.7439323
6468,1,548970,0.81016433
6468,2,450910,0.78140235
6468,3,148141,0.7616837
6468,4,24856,0.75942993
6468,5,136520,0.7589834
6468,6,72789,0.7584087
6468,7,103528,0.7576918
6468,8,414448,0.756529
6468,9,170147,0.75637305
6468,10,171709,0.7546388
3008,1,231688,0.806965
3008,2,285694,0.7913196
3008,3,597265,0.78537005
3008,4,303154,0.7779498
3008,5,44105,0.77464426
3008,6,102266,0.7713784
3008,7,32749,0.7633582
3008,8,407401,0.76142335
3008,9,28230,0.7602439
3008,10,47441,0.75991416
9925,1,374309,0.8362347
9925,2,303489,0.80993205
9925,3,280111,0.8078693
9925,4,541219,0.8018567
9925,5,144521,0.7948866
9925,6,20675,0.7918771
9925,7,291220,0.7880224
9925,8,135128,0.78248835
9925,9,341293,0.7592742
9925,10,332009,0.7507789
4007,1,556220,0.79425216
4007,2,260385,0.76021326
4007,3,515233,0.7497593
4007,4,388704,0.74293023
4007,5,249322,0.72958827
4007,6,370542,0.7239835
4007,7,315552,0.72332305
4007,8,352838,0.72186685
4007,9,147358,0.71763045
4007,10,521489,0.7164174
6644,1,39783,0.78207594
6644,2,475527,0.768802
6644,3,355870,0.7507141
6644,4,446807,0.750245
6644,5,110198,0.7491933
6644,6,429172,0.74813986
6644,7,218761,0.74676824
6644,8,187497,0.745926
6644,9,346035,0.7417423
6644,10,271596,0.7412251
6420,1,127452,0.8599301
6420,2,394244,0.7790547
6420,3,565568,0.7775018
6420,4,208070,0.76580846
6420,5,43432,0.7546495
6420,6,294522,0.7542888
6420,7,87065,0.74271035
6420,8,184051,0.74244833
6420,9,503075,0.7421614
6420,10,412223,0.74159473
6713,1,147853,0.8660971
6713,2,692,0.7296967
6713,3,113632,0.7293297
6713,4,473523,0.72603005
6713,5,106735,0.70656127
6713,6,148204,0.6990872
6713,7,192120,0.694531
6713,8,15330,0.6897025
6713,9,15319,0.67981285
6713,10,214358,0.67886585
4844,1,275257,0.8451785
4844,2,301062,0.79280436
4844,3,563092,0.7900677
4844,4,64130,0.76782644
4844,5,152265,0.7671469
4844,6,416513,0.7494062
4844,7,156477,0.7492299
4844,8,367137,0.74724114
4844,9,453480,0.74341214
4844,10,395111,0.7414459
7463,1,107350,0.80071324
7463,2,206544,0.7877457
7463,3,255946,0.78411305
7463,4,88190,0.781895
7463,5,364099,0.7813004
7463,6,51715,0.7805445
7463,7,243397,0.7797651
7463,8,403314,0.77871686
7463,9,51640,0.7775089
7463,10,317399,0.77606237
6479,1,404339,0.83467895
6479,2,272008,0.8063794
6479,3,130188,0.7822901
6479,4,288977,0.7796416
6479,5,287322,0.77816445
6479,6,58026,0.7703626
6479,7,31703,0.7697
6479,8,294718,0.7657225
6479,9,87535,0.7653338
6479,10,486058,0.7651695
10267,1,178693,0.8110187
10267,2,569632,0.751899
10267,3,252894,0.7474698
10267,4,457108,0.7181634
10267,5,87520,0.71792245
10267,6,453941,0.7149552
10267,7,11791,0.70837957
10267,8,540553,0.7080531
10267,9,465332,0.70600444
10267,10,154829,0.70517975
7622,1,353911,0.8165971
7622,2,507544,0.8052535
7622,3,427206,0.804667
7622,4,529312,0.8014113
7622,5,249971,0.8006702
7622,6,262772,0.79690945
7622,7,94373,0.7968188
7622,8,81206,0.7964454
7622,9,271525,0.7943505
7622,10,160193,0.7900742
10979,1,362762,0.8018933
10979,2,503505,0.77515316
10979,3,121158,0.7645678
10979,4,261331,0.7637621
10979,5,357324,0.7627155
10979,6,45065,0.7612449
10979,7,376136,0.75948507
10979,8,206683,0.74907196
10979,9,214552,0.7467221
10979,10,298833,0.74639535
2498,1,125111,0.7489929
2498,2,203820,0.7420417
2498,3,260795,0.7407697
2498,4,490386,0.73873645
2498,5,390368,0.7354678
2498,6,147358,0.7345277
2498,7,227757,0.7295996
2498,8,167494,0.72904617
2498,9,344340,0.72786266
2498,10,352136,0.727639
2010,1,233877,0.8318066
2010,2,571006,0.79123735
2010,3,189120,0.7886975
2010,4,174034,0.7880932
2010,5,517410,0.7692204
2010,6,439460,0.76182735
2010,7,413681,0.76160055
2010,8,158968,0.75773644
2010,9,44256,0.73735034
2010,10,416378,0.73669237
3767,1,90632,0.7677774
3767,2,538217,0.74746096
3767,3,551747,0.7468743
3767,4,102651,0.7434682
3767,5,158285,0.74323606
3767,6,125204,0.74304485
3767,7,368679,0.7281321
3767,8,366055,0.7224874
3767,9,508211,0.7198201
3767,10,7766,0.71879506
7145,1,454596,0.80763996
7145,2,81458,0.80212784
7145,3,549364,0.78877974
7145,4,379311,0.7834605
7145,5,205280,0.78078985
7145,6,41625,0.7784457
7145,7,93882,0.77721614
7145,8,367960,0.77296233
7145,9,311192,0.77288437
7145,10,17923,0.7708796
6554,1,583203,0.76869214
6554,2,349536,0.7469508
6554,3,162916,0.7378359
6554,4,315345,0.73420477
6554,5,532211,0.73330975
6554,6,264237,0.7320815
6554,7,472159,0.73002255
6554,8,88575,0.72983205
6554,9,52226,0.72830814
6554,10,245867,0.7278143
9556,1,37040,0.77583635
9556,2,121158,0.76971835
9556,3,104789,0.7604958
9556,4,163905,0.75379276
9556,5,218670,0.75275457
9556,6,182930,0.74703985
9556,7,209209,0.7467894
9556,8,394886,0.74660385
9556,9,434596,0.7444842
9556,10,533408,0.7433785
2445,1,431685,0.8896835
2445,2,502283,0.7611728
2445,3,34087,0.76000994
2445,4,331248,0.75287354
2445,5,72321,0.7478144
2445,6,556021,0.74531054
2445,7,57406,0.7421808
2445,8,411063,0.73644567
2445,9,388713,0.7355136
2445,10,352838,0.7335682
6410,1,356819,0.780071
6410,2,58690,0.76426035
6410,3,147282,0.76068103
6410,4,39436,0.75575376
6410,5,119819,0.7467912
6410,6,560538,0.7464348
6410,7,348542,0.7417548
6410,8,357127,0.7374805
6410,9,200360,0.737183
6410,10,395842,0.73640656
5155,1,358469,0.7589772
5155,2,509077,0.75021124
5155,3,60508,0.74452966
5155,4,493580,0.7436275
5155,5,358090,0.7435137
5155,6,382452,0.7424343
5155,7,301604,0.7393411
5155,8,83572,0.7393227
5155,9,174625,0.73884195
5155,10,201856,0.73874366
5030,1,173986,0.71350324
5030,2,75486,0.6997097
5030,3,371759,0.6971801
5030,4,546379,0.6967992
5030,5,225774,0.69573516
5030,6,181855,0.6925168
5030,7,441163,0.6918879
5030,8,295344,0.6918067
5030,9,13511,0.69010085
5030,10,370569,0.6868
6252,1,443413,0.8051599
6252,2,168101,0.7886449
6252,3,502333,0.7810159
6252,4,47565,0.77567834
6252,5,453847,0.77452946
6252,6,107350,0.772692
6252,7,458235,0.77249646
6252,8,288504,0.7715046
6252,9,441353,0.7671976
6252,10,413108,0.76520514
885,1,516678,0.7880802
885,2,99449,0.76767063
885,3,296165,0.7525009
885,4,44685,0.7513038
885,5,301792,0.75130093
885,6,442966,0.74760234
885,7,89888,0.74675274
885,8,304009,0.7457478
885,9,252534,0.7450663
885,10,588719,0.73466444
7377,1,69771,0.77185845
7377,2,563056,0.7551066
7377,3,491843,0.7547553
7377,4,447354,0.74185574
7377,5,236036,0.74098927
7377,6,20504,0.74063665
7377,7,435065,0.7398309
7377,8,29502,0.7384135
7377,9,351025,0.7377853
7377,10,423229,0.73692673
4031,1,302951,0.76559496
4031,2,488638,0.76474
4031,3,166531,0.75541997
4031,4,191368,0.75414276
4031,5,65180,0.75209004
4031,6,393249,0.750624
4031,7,120852,0.7499303
4031,8,123971,0.74858636
4031,9,210149,0.7485514
4031,10,202355,0.74669206
766,1,427110,0.7629795
766,2,299591,0.7549941
766,3,190873,0.74558514
766,4,212827,0.7417699
766,5,554171,0.73856527
766,6,333583,0.7367084
766,7,254684,0.7346637
766,8,2996,0.73409146
766,9,391644,0.73306537
766,10,104955,0.73104817
8779,1,436897,0.7884271
8779,2,460905,0.78737336
8779,3,420511,0.7851832
8779,4,258440,0.77711797
8779,5,539112,0.768792
8779,6,98018,0.76774216
8779,7,12614,0.73587495
8779,8,462956,0.72919106
8779,9,257674,0.7290765
8779,10,301194,0.72867244
2183,1,24344,0.77021194
2183,2,498146,0.75868547
2183,3,132678,0.7493151
2183,4,487067,0.7387792
2183,5,550924,0.7356442
2183,6,18749,0.7298763
2183,7,363831,0.7269547
2183,8,550303,0.72373617
2183,9,24994,0.7192115
2183,10,30090,0.71752566
6219,1,48946,0.7787065
6219,2,103987,0.74198794
6219,3,401264,0.7246695
6219,4,146924,0.7238769
6219,5,67641,0.7183554
6219,6,387141,0.71463454
6219,7,217242,0.70089984
6219,8,155964,0.6986352
6219,9,9243,0.69710994
6219,10,146218,0.6969187
6849,1,89192,0.8071631
6849,2,49983,0.7826803
6849,3,370754,0.75512934
6849,4,214522,0.74958026
6849,5,264850,0.7495266
6849,6,599651,0.7474512
6849,7,144005,0.74305487
6849,8,479461,0.7402754
6849,9,440123,0.7387361
6849,10,313421,0.7373909
8079,1,95278,0.7278383
8079,2,57138,0.7225896
8079,3,108040,0.7159187
8079,4,515788,0.7042674
8079,5,330856,0.6951208
8079,6,594478,0.6947471
8079,7,386309,0.69401705
8079,8,11184,0.69181657
8079,9,115207,0.6907947
8079,10,389077,0.6893218
5086,1,96606,0.8933272
5086,2,272798,0.8320416
5086,3,310743,0.8239416
5086,4,531408,0.78704387
5086,5,17954,0.78237695
5086,6,71082,0.7784817
5086,7,435170,0.7754148
5086,8,370673,0.77370393
5086,9,343674,0.7697434
5086,10,184339,0.76548034
8202,1,457689,0.6817983
8202,2,122542,0.6716778
8202,3,121745,0.66232866
8202,4,430974,0.6605586
8202,5,295857,0.6588979
8202,6,71553,0.65812373
8202,7,14484,0.6563804
8202,8,18335,0.6556555
8202,9,274905,0.6533756
8202,10,9286,0.65262747
7345,1,276381,0.73683006
7345,2,9274,0.73620045
7345,3,460331,0.71701497
7345,4,508821,0.7166417
7345,5,108,0.70616245
7345,6,391515,0.69691324
7345,7,459459,0.696774
7345,8,289073,0.696176
7345,9,90447,0.6899239
7345,10,527080,0.6898284
2648,1,307120,0.83077204
2648,2,84896,0.79364437
2648,3,94332,0.79157966
2648,4,272987,0.76365656
2648,5,585593,0.7477481
2648,6,277178,0.7412023
2648,7,481896,0.73860383
2648,8,123628,0.73593986
2648,9,412078,0.73528755
2648,10,377019,0.73290706
7441,1,198592,0.8358488
7441,2,258077,0.8340723
7441,3,117576,0.82157004
7441,4,161895,0.8194128
7441,5,80024,0.8152555
7441,6,247313,0.8069591
7441,7,513620,0.8055632
7441,8,304085,0.80230284
7441,9,388065,0.8012886
7441,10,186631,0.7989679
776,1,124027,0.8671184
776,2,434972,0.7985567
776,3,434869,0.7911804
776,4,467044,0.78764594
776,5,81343,0.77680385
776,6,184243,0.77666676
776,7,374266,0.7736066
776,8,133102,0.7691865
776,9,10440,0.7658138
776,10,552303,0.76378894
5125,1,336017,0.661792
5125,2,553333,0.65576345
5125,3,501979,0.651199
5125,4,133536,0.64232516
5125,5,559612,0.6357912
5125,6,367829,0.6356065
5125,7,546313,0.635048
5125,8,27938,0.6339434
5125,9,482373,0.63295
5125,10,162298,0.63259155
89,1,400230,0.8108232
89,2,309023,0.80144054
89,3,308938,0.794344
89,4,188893,0.7941801
89,5,508754,0.7931633
89,6,526817,0.78865653
89,7,3336,0.778088
89,8,135196,0.77197623
89,9,529879,0.77151465
89,10,264075,0.76983535
9329,1,326991,0.7827984
9329,2,89351,0.7401235
9329,3,260129,0.72218466
9329,4,334383,0.7167176
9329,5,238173,0.7152704
9329,6,93727,0.71458656
9329,7,396985,0.7135612
9329,8,493321,0.71200144
9329,9,262591,0.70820975
9329,10,289853,0.7051635
2516,1,505678,0.8280245
2516,2,446340,0.7266642
2516,3,72088,0.70400083
2516,4,503362,0.6728538
2516,5,362374,0.66032225
2516,6,40338,0.65756154
2516,7,352446,0.65477693
2516,8,314499,0.6492001
2516,9,58120,0.64746886
2516,10,37662,0.6455277
6629,1,414772,0.7457231
6629,2,115333,0.7381551
6629,3,281256,0.7331866
6629,4,472052,0.73203194
6629,5,411825,0.7304072
6629,6,493160,0.72863954
6629,7,569210,0.7274953
6629,8,475896,0.72703916
6629,9,100128,0.7253978
6629,10,430868,0.7232958
8970,1,96121,0.7945821
8970,2,595298,0.77634865
8970,3,187583,0.7733678
8970,4,137465,0.7660686
8970,5,537857,0.7588158
8970,6,366509,0.758416
8970,7,370615,0.7542114
8970,8,245648,0.7522086
8970,9,210939,0.7475095
8970,10,8891,0.74095273
4484,1,33990,0.7978176
4484,2,481898,0.77408195
4484,3,55084,0.7595272
4484,4,220710,0.756436
4484,5,36826,0.7558124
4484,6,93271,0.75077677
4484,7,340287,0.7417184
4484,8,478461,0.7377449
4484,9,217030,0.7367246
4484,10,326905,0.7366058
1451,1,538005,0.69369316
1451,2,580963,0.68836284
1451,3,457702,0.6740198
1451,4,69680,0.6689401
1451,5,123418,0.6483835
1451,6,133586,0.6481316
1451,7,526847,0.6480561
1451,8,559846,0.6469141
1451,9,37725,0.64680845
1451,10,417,0.6453049
1889,1,159727,0.7702024
1889,2,14364,0.765296
1889,3,499454,0.76383936
1889,4,562776,0.7601497
1889,5,211414,0.7568802
1889,6,232311,0.75663793
1889,7,562904,0.75259763
1889,8,370086,0.7521831
1889,9,247894,0.75054383
1889,10,465971,0.7486003
1920,1,524992,0.7833513
1920,2,585356,0.76797926
1920,3,240931,0.7507187
1920,4,269943,0.7498353
1920,5,585023,0.74964845
1920,6,304248,0.7493541
1920,7,494000,0.7456108
1920,8,202019,0.7451443
1920,9,185077,0.7451259
1920,10,196423,0.74413764
8013,1,81652,0.77040946
8013,2,372381,0.7577492
8013,3,537626,0.7563313
8013,4,253028,0.7481903
8013,5,127263,0.739156
8013,6,304398,0.7380874
8013,7,466121,0.7367184
8013,8,412965,0.7358097
8013,9,213366,0.7354848
8013,10,308764,0.7347809
3759,1,490065,0.78751
3759,2,488037,0.7529349
3759,3,526159,0.74882805
3759,4,476138,0.7454401
3759,5,478807,0.7412557
3759,6,441176,0.7402005
3759,7,591704,0.7374649
3759,8,250397,0.7351285
3759,9,276264,0.73488694
3759,10,214248,0.73414433
7295,1,73950,0.7917221
7295,2,335606,0.78950393
7295,3,163290,0.7812196
7295,4,542667,0.7782545
7295,5,407551,0.77762854
7295,6,378527,0.77493066
7295,7,575554,0.77141714
7295,8,503649,0.7688205
7295,9,326413,0.7685628
7295,10,115553,0.766417
7448,1,587516,0.78414583
7448,2,29184,0.77678275
7448,3,39436,0.7727034
7448,4,379311,0.7706205
7448,5,261522,0.76992834
7448,6,418150,0.7693028
7448,7,275392,0.76565325
7448,8,137478,0.7649425
7448,9,88228,0.76324165
7448,10,298350,0.76046026
7329,1,391063,0.79556286
7329,2,118520,0.7773644
7329,3,445771,0.75610733
7329,4,158717,0.7499383
7329,5,393496,0.74371195
7329,6,577062,0.740502
7329,7,570993,0.73952127
7329,8,65900,0.72854286
7329,9,380427,0.71020913
7329,10,152788,0.7098633
10639,1,111048,0.7185205
10639,2,456389,0.71099424
10639,3,425479,0.7032515
10639,4,305904,0.7010479
10639,5,235628,0.6932142
10639,6,279488,0.6919158
10639,7,163353,0.69186085
10639,8,153281,0.6865263
10639,9,91838,0.6861999
10639,10,354283,0.68527895
6635,1,587137,0.7762468
6635,2,235531,0.7622044
6635,3,576624,0.7617314
6635,4,491064,0.7593558
6635,5,343452,0.75700855
6635,6,3656,0.75297123
6635,7,467594,0.752421
6635,8,339854,0.74887013
6635,9,432104,0.74881864
6635,10,272117,0.74437284
4312,1,282435,0.84645927
4312,2,497786,0.81519073
4312,3,222639,0.7809136
4312,4,167950,0.7779146
4312,5,532485,0.77653605
4312,6,170628,0.7729274
4312,7,285945,0.7691418
4312,8,300770,0.76315165
4312,9,343850,0.76279986
4312,10,228488,0.7624358
1230,1,276127,0.7245629
1230,2,268339,0.7217378
1230,3,191649,0.6999512
1230,4,503221,0.6943379
1230,5,92839,0.6884942
1230,6,589023,0.6833347
1230,7,425022,0.6779878
1230,8,375372,0.67776597
1230,9,234816,0.67712677
1230,10,405889,0.67483234
2486,1,487791,0.73914975
2486,2,36608,0.71833587
2486,3,32072,0.707031
2486,4,440839,0.70209813
2486,5,74958,0.7011205
2486,6,194899,0.70058304
2486,7,77245,0.69943494
2486,8,226949,0.6981002
2486,9,179689,0.697505
2486,10,238622,0.69683695
6121,1,289231,0.7897433
6121,2,340520,0.7739665
6121,3,482638,0.77336216
6121,4,468104,0.7672626
6121,5,412142,0.7663304
6121,6,96666,0.7633299
6121,7,394460,0.76262784
6121,8,39495,0.7624392
6121,9,179494,0.7595313
6121,10,542461,0.7585906
859,1,412036,0.77146757
859,2,220207,0.75784725
859,3,286866,0.7554335
859,4,451692,0.75452626
859,5,142809,0.75200236
859,6,270866,0.74979705
859,7,463608,0.74952185
859,8,469731,0.74939597
859,9,584419,0.74898034
859,10,145789,0.7479054
6525,1,156467,0.7723597
6525,2,106541,0.7543143
6525,3,147002,0.74692416
6525,4,492503,0.7416844
6525,5,362473,0.7355614
6525,6,378906,0.7296936
6525,7,221795,0.71905446
6525,8,410123,0.71734643
6525,9,53263,0.715922
6525,10,332278,0.71112657
2590,1,296528,0.8127501
2590,2,54341,0.7567669
2590,3,35191,0.7530634
2590,4,87189,0.75216126
2590,5,456999,0.7514906
2590,6,243939,0.74552256
2590,7,308048,0.74547887
2590,8,562007,0.744681
2590,9,310103,0.7425481
2590,10,158923,0.7407926
3781,1,413328,0.75295913
3781,2,55407,0.7433007
3781,3,131959,0.71646047
3781,4,441718,0.70987946
3781,5,446628,0.7050495
3781,6,582864,0.70494735
3781,7,304479,0.69765925
3781,8,144439,0.6914469
3781,9,533808,0.6890986
3781,10,191965,0.6875106
5374,1,457689,0.7208753
5374,2,162047,0.69016385
5374,3,283106,0.6758818
5374,4,396633,0.66778696
5374,5,248217,0.66432875
5374,6,544506,0.661662
5374,7,78648,0.6610949
5374,8,18335,0.660133
5374,9,5220,0.65988374
5374,10,306649,0.6596737
1310,1,101103,0.77807546
1310,2,597813,0.7702894
1310,3,155624,0.7511264
1310,4,139978,0.75007725
1310,5,223338,0.74874306
1310,6,143728,0.7477435
1310,7,310056,0.7434958
1310,8,535651,0.7405744
1310,9,120090,0.7396612
1310,10,165710,0.73965096
8005,1,172703,0.713245
8005,2,56894,0.7056931
8005,3,159471,0.69528955
8005,4,27930,0.6930072
8005,5,236036,0.68515736
8005,6,175927,0.6843169
8005,7,371251,0.67655426
8005,8,417733,0.6754776
8005,9,107462,0.6701703
8005,10,528880,0.66749054
2994,1,562780,0.7038691
2994,2,153541,0.7029625
2994,3,460721,0.7008274
2994,4,138428,0.6870502
2994,5,75195,0.68360007
2994,6,200211,0.6785897
2994,7,569145,0.6767621
2994,8,20036,0.67577523
2994,9,510317,0.67435396
2994,10,434906,0.67279696
6142,1,155461,0.7700064
6142,2,245834,0.750917
6142,3,344076,0.75005835
6142,4,386364,0.74757355
6142,5,451898,0.74576527
6142,6,595171,0.74536955
6142,7,386278,0.7439897
6142,8,238215,0.74393237
6142,9,89533,0.740971
6142,10,561205,0.7402319
3125,1,89008,0.7800601
3125,2,173212,0.7694057
3125,3,540395,0.75459754
3125,4,192843,0.7496433
3125,5,338545,0.7435275
3125,6,76618,0.74326164
3125,7,146388,0.74298596
3125,8,196463,0.74049526
3125,9,34810,0.7339672
3125,10,362069,0.7303208
8832,1,94689,0.7569386
8832,2,13885,0.740526
8832,3,332924,0.73853695
8832,4,538237,0.72567916
8832,5,388057,0.7112279
8832,6,104741,0.7080756
8832,7,94477,0.7011049
8832,8,42157,0.70103705
8832,9,598680,0.70026064
8832,10,48691,0.6997988
3683,1,408995,0.79897326
3683,2,276975,0.79695356
3683,3,350344,0.7653871
3683,4,105973,0.76497984
3683,5,65208,0.76095104
3683,6,522713,0.7451439
3683,7,420746,0.7379756
3683,8,565016,0.73362434
3683,9,387022,0.7330152
3683,10,6607,0.730505
939,1,526555,0.793014
939,2,392434,0.7731625
939,3,444300,0.7660099
939,4,74774,0.7625596
939,5,532656,0.7607675
939,6,296750,0.7555821
939,7,193830,0.7506423
939,8,72209,0.7501559
939,9,505110,0.74882144
939,10,371238,0.7483071
7206,1,65667,0.74276555
7206,2,518526,0.7410822
7206,3,417506,0.7375716
7206,4,444752,0.73575795
7206,5,79319,0.72295177
7206,6,121490,0.7192174
7206,7,538795,0.7180711
7206,8,573846,0.7131627
7206,9,9264,0.70918906
7206,10,547553,0.70600843
10246,1,370635,0.79184866
10246,2,176717,0.77164876
10246,3,119161,0.76494646
10246,4,327080,0.7626854
10246,5,449623,0.75697476
10246,6,315205,0.73199385
10246,7,226984,0.7250078
10246,8,109422,0.7247462
10246,9,340263,0.7221105
10246,10,273142,0.7193513
5241,1,344740,0.80387133
5241,2,273735,0.794086
5241,3,281675,0.7865354
5241,4,210972,0.7811929
5241,5,244254,0.77954125
5241,6,390976,0.7788607
5241,7,234286,0.77196133
5241,8,337765,0.77045673
5241,9,213713,0.76993775
5241,10,444148,0.7680587
8121,1,36038,0.7435406
8121,2,205070,0.7377082
8121,3,175107,0.73327893
8121,4,170652,0.73029995
8121,5,87667,0.7290495
8121,6,99708,0.72834504
8121,7,378994,0.72809124
8121,8,432424,0.7220248
8121,9,110860,0.7178683
8121,10,480515,0.71556675
98,1,527522,0.781881
98,2,333059,0.76396203
98,3,552305,0.75070465
98,4,325808,0.74397707
98,5,373119,0.74216247
98,6,39716,0.7356187
98,7,30352,0.73099065
98,8,267386,0.7307726
98,9,18855,0.73077255
98,10,140738,0.729993
5064,1,2003,0.8156855
5064,2,461376,0.76107156
5064,3,479769,0.7494367
5064,4,192811,0.7386428
5064,5,280776,0.72818094
5064,6,55841,0.7261571
5064,7,535742,0.72529465
5064,8,418281,0.7247975
5064,9,321619,0.722853
5064,10,429133,0.72268057
4615,1,69523,0.7447282
4615,2,496427,0.73916185
4615,3,596196,0.69274473
4615,4,455798,0.6819459
4615,5,224229,0.6815158
4615,6,376430,0.6773653
4615,7,519089,0.67717177
4615,8,261900,0.6765709
4615,9,179726,0.67600393
4615,10,393206,0.67338365
7467,1,193312,0.811842
7467,2,163987,0.8042853
7467,3,408546,0.7917289
7467,4,584350,0.78144866
7467,5,257457,0.76614267
7467,6,433806,0.7591468
7467,7,260023,0.7581258
7467,8,516078,0.7495178
7467,9,444749,0.7455028
7467,10,252084,0.7437053
1676,1,394871,0.8337212
1676,2,586026,0.80497456
1676,3,487791,0.7972189
1676,4,232544,0.7960552
1676,5,234436,0.7924609
1676,6,68524,0.7873219
1676,7,466213,0.7801004
1676,8,32072,0.7791165
1676,9,408434,0.77877295
1676,10,77245,0.7685384
503,1,449333,0.76590705
503,2,324686,0.7502804
503,3,272559,0.7386584
503,4,488379,0.73710173
503,5,307595,0.73587006
503,6,47548,0.7314989
503,7,514311,0.73148906
503,8,350344,0.7245016
503,9,390015,0.7244695
503,10,268992,0.72342134
3264,1,486525,0.80341744
3264,2,260383,0.7711444
3264,3,25466,0.7659012
3264,4,307517,0.7597523
3264,5,317037,0.7586159
3264,6,400009,0.754752
3264,7,130128,0.7473584
3264,8,316230,0.7440666
3264,9,89519,0.74214184
3264,10,106424,0.73917913
6467,1,88813,0.81889576
6467,2,83807,0.8064245
6467,3,137852,0.79784596
6467,4,442005,0.7947166
6467,5,14543,0.79237545
6467,6,367391,0.79109824
6467,7,131127,0.78962845
6467,8,368348,0.789614
6467,9,109455,0.7873831
6467,10,99857,0.78736186
4289,1,302699,0.78923845
4289,2,288330,0.784318
4289,3,16961,0.767665
4289,4,343489,0.76446444
4289,5,416975,0.7636224
4289,6,43152,0.7619392
4289,7,226102,0.75550807
4289,8,369035,0.7526379
4289,9,535529,0.7497284
4289,10,38918,0.7449297
4394,1,99102,0.76985383
4394,2,462585,0.76244545
4394,3,372051,0.76199263
4394,4,431462,0.75502354
4394,5,286866,0.75133085
4394,6,407757,0.750664
4394,7,285395,0.7501941
4394,8,472629,0.7464179
4394,9,242359,0.74566007
4394,10,142613,0.7420802
4047,1,417840,0.8878439
4047,2,452175,0.8755863
4047,3,170966,0.82510567
4047,4,470725,0.80966145
4047,5,324779,0.8063074
4047,6,224366,0.8006758
4047,7,110733,0.7996705
4047,8,358846,0.7955687
4047,9,49765,0.79452336
4047,10,77652,0.79440165
1815,1,446928,0.80454415
1815,2,308255,0.7704874
1815,3,254158,0.7674501
1815,4,533457,0.7636406
1815,5,129503,0.7632889
1815,6,334603,0.7612482
1815,7,72321,0.7595708
1815,8,280021,0.75845504
1815,9,165025,0.75672793
1815,10,191473,0.75529414
7218,1,279185,0.8315608
7218,2,565909,0.82715505
7218,3,266900,0.80240095
7218,4,94062,0.79334104
7218,5,469830,0.79253256
7218,6,331606,0.78548163
7218,7,527654,0.78097594
7218,8,272754,0.77769136
7218,9,326335,0.7766421
7218,10,333674,0.77562374
8982,1,225964,0.799865
8982,2,364735,0.7994658
8982,3,500486,0.7974484
8982,4,539263,0.7924876
8982,5,87722,0.79090846
8982,6,392465,0.7896513
8982,7,472663,0.7878831
8982,8,560783,0.7864659
8982,9,254230,0.78505516
8982,10,371337,0.78373873
8874,1,292762,0.79549944
8874,2,151037,0.7927137
8874,3,232540,0.7716563
8874,4,140267,0.7637931
8874,5,161155,0.76146185
8874,6,113948,0.75939906
8874,7,596518,0.75509906
8874,8,483394,0.75470173
8874,9,177674,0.7518255
8874,10,511066,0.7478144
549,1,214024,0.7758947
549,2,240328,0.7758817
549,3,88077,0.7742829
549,4,221061,0.76423967
549,5,376898,0.7610404
549,6,461943,0.75275284
549,7,210855,0.7448797
549,8,595633,0.7385702
549,9,502781,0.7383691
549,10,190537,0.73757577
2407,1,448368,0.81571317
2407,2,344203,0.78123224
2407,3,67607,0.77585423
2407,4,263999,0.77296084
2407,5,117267,0.77028835
2407,6,467266,0.76944244
2407,7,348313,0.76750004
2407,8,542915,0.7667317
2407,9,319090,0.7667099
2407,10,1766,0.76664436
8937,1,271109,0.8026997
8937,2,198039,0.775036
8937,3,538054,0.7748643
8937,4,154989,0.77296174
8937,5,22426,0.7721289
8937,6,469888,0.7719803
8937,7,41967,0.7711086
8937,8,469382,0.7697418
8937,9,590561,0.763124
8937,10,533132,0.7606099
7344,1,14368,0.8318603
7344,2,378974,0.81684244
7344,3,159166,0.80225235
7344,4,150430,0.77723885
7344,5,65618,0.753283
7344,6,501032,0.74757683
7344,7,77963,0.74725026
7344,8,253926,0.7444671
7344,9,404840,0.72222775
7344,10,452479,0.7199634
2856,1,266840,0.8223311
2856,2,342212,0.81036437
2856,3,66991,0.8027504
2856,4,231727,0.7998365
2856,5,263174,0.7838084
2856,6,276186,0.78129196
2856,7,110848,0.77761483
2856,8,5219,0.77474314
2856,9,475478,0.76693356
2856,10,254257,0.7640184
7801,1,427592,0.76316655
7801,2,378161,0.74672276
7801,3,541302,0.7388908
7801,4,232114,0.72833306
7801,5,441603,0.72807837
7801,6,73854,0.7247342
7801,7,252574,0.72461545
7801,8,6751,0.7219934
7801,9,389273,0.7205644
7801,10,113587,0.72002447
2395,1,158091,0.7309184
2395,2,192910,0.73049605
2395,3,29009,0.7224202
2395,4,57320,0.709377
2395,5,115584,0.70900154
2395,6,414062,0.7003256
2395,7,256833,0.69911194
2395,8,237282,0.6979982
2395,9,179066,0.695645
2395,10,277513,0.6877221
6875,1,52940,0.70610714
6875,2,500338,0.6959764
6875,3,536194,0.6916683
6875,4,109796,0.6910415
6875,5,77502,0.6904583
6875,6,249679,0.68682986
6875,7,79337,0.68256927
6875,8,74554,0.68131924
6875,9,105717,0.6791599
6875,10,472062,0.67519724
6891,1,474351,0.7515955
6891,2,238702,0.74641544
6891,3,425452,0.7175782
6891,4,502495,0.71752465
6891,5,351352,0.7050186
6891,6,430398,0.70109475
6891,7,331008,0.6998254
6891,8,499008,0.699664
6891,9,570787,0.6955478
6891,10,296567,0.69437927
7702,1,287950,0.8172913
7702,2,5710,0.8040025
7702,3,137299,0.80344146
7702,4,138383,0.7871616
7702,5,498645,0.7869714
7702,6,387277,0.78665984
7702,7,414444,0.7788506
7702,8,133093,0.7783301
7702,9,45468,0.7780424
7702,10,535581,0.77317476
2695,1,305904,0.8104674
2695,2,425479,0.7733322
2695,3,456389,0.7694518
2695,4,119379,0.767364
2695,5,111048,0.76454926
2695,6,183883,0.7548195
2695,7,547196,0.7516693
2695,8,252358,0.74491286
2695,9,579763,0.7436008
2695,10,28060,0.7426979
5616,1,558286,0.75714874
5616,2,263912,0.741315
5616,3,9938,0.7372502
5616,4,202329,0.7338594
5616,5,559105,0.7303937
5616,6,374258,0.7252036
5616,7,564338,0.72365755
5616,8,217035,0.7230476
5616,9,391291,0.72256327
5616,10,143861,0.72017527
928,1,349866,0.748371
928,2,86952,0.7371979
928,3,352429,0.7330022
928,4,251466,0.7245774
928,5,230297,0.7218109
928,6,456783,0.7206437
928,7,538681,0.7187486
928,8,254152,0.7167089
928,9,549151,0.71571136
928,10,331255,0.71511793
10447,1,144751,0.893786
10447,2,500175,0.8727349
10447,3,382236,0.86690235
10447,4,259150,0.8646265
10447,5,26652,0.8522737
10447,6,492971,0.841914
10447,7,114912,0.8408057
10447,8,540389,0.83804584
10447,9,532657,0.834955
10447,10,382894,0.82683
5427,1,447231,0.7587749
5427,2,323284,0.7533613
5427,3,219613,0.7513762
5427,4,22592,0.74592197
5427,5,390435,0.7427976
5427,6,101557,0.7422999
5427,7,9216,0.7397624
5427,8,495281,0.7324513
5427,9,460530,0.7309444
5427,10,31221,0.7291548
2587,1,89326,0.7788463
2587,2,594483,0.7302996
2587,3,482503,0.71251
2587,4,16774,0.7095099
2587,5,106161,0.70591444
2587,6,377853,0.70426625
2587,7,573874,0.69559705
2587,8,457529,0.6821781
2587,9,220691,0.6801866
2587,10,244362,0.67695916
5782,1,172084,0.8263009
5782,2,459257,0.78165174
5782,3,82741,0.77829814
5782,4,117007,0.7767129
5782,5,480586,0.7740756
5782,6,262026,0.77281713
5782,7,16778,0.7691387
5782,8,384892,0.76608324
5782,9,156873,0.76594305
5782,10,111054,0.7649969
9871,1,367207,0.74491394
9871,2,515254,0.73854506
9871,3,56342,0.7267128
9871,4,40161,0.7258556
9871,5,294297,0.72397745
9871,6,200477,0.72363603
9871,7,357590,0.7186841
9871,8,484535,0.7185825
9871,9,90902,0.7147923
9871,10,567577,0.7143785
6668,1,504243,0.7407515
6668,2,123263,0.7218266
6668,3,103952,0.7214252
6668,4,535605,0.72126675
6668,5,77124,0.72124577
6668,6,499269,0.7211176
6668,7,457294,0.7188823
6668,8,181924,0.71848
6668,9,533727,0.7181866
6668,10,401266,0.7157909
1284,1,342903,0.83241415
1284,2,342411,0.80184555
1284,3,403948,0.8017482
1284,4,11122,0.77633584
1284,5,180581,0.7756069
1284,6,152657,0.7706041
1284,7,261101,0.77004665
1284,8,251385,0.7638312
1284,9,183506,0.7630997
1284,10,44955,0.7614504
2443,1,217216,0.7365768
2443,2,519314,0.7346947
2443,3,69171,0.70926595
2443,4,183880,0.70545137
2443,5,426216,0.6902747
2443,6,291486,0.6858027
2443,7,393579,0.6844771
2443,8,28046,0.6839231
2443,9,25247,0.6825609
2443,10,472629,0.6806896
3179,1,385073,0.7973751
3179,2,147358,0.7810435
3179,3,63047,0.7638267
3179,4,125140,0.7628906
3179,5,521489,0.7608489
3179,6,458079,0.7490686
3179,7,458431,0.7477168
3179,8,388704,0.74494606
3179,9,240066,0.74202096
3179,10,159162,0.7390678
3404,1,589862,0.72902536
3404,2,182989,0.7281024
3404,3,395483,0.72407275
3404,4,158122,0.71742547
3404,5,546277,0.71341497
3404,6,347723,0.7132782
3404,7,385320,0.71188056
3404,8,110061,0.7105115
3404,9,222049,0.7083602
3404,10,541682,0.70453477
3453,1,587111,0.835085
3453,2,340815,0.80827934
3453,3,394886,0.8030576
3453,4,289073,0.7930215
3453,5,553105,0.7920859
3453,6,233635,0.7906938
3453,7,418626,0.7836062
3453,8,393134,0.7807754
3453,9,236366,0.7803453
3453,10,414088,0.7790879
5045,1,123170,0.7948093
5045,2,202767,0.7831166
5045,3,419488,0.7799741
5045,4,541163,0.7788288
5045,5,434835,0.7756691
5045,6,111339,0.7706746
5045,7,286383,0.7661024
5045,8,264554,0.7654567
5045,9,471700,0.7654284
5045,10,470879,0.75975245
5808,1,438547,0.8455565
5808,2,175107,0.83344877
5808,3,170652,0.8267319
5808,4,452479,0.8251049
5808,5,251824,0.82303566
5808,6,204761,0.8177726
5808,7,197389,0.81275773
5808,8,542764,0.81052065
5808,9,336284,0.8076798
5808,10,242849,0.8062338
4845,1,339928,0.86235565
4845,2,40424,0.8186934
4845,3,271997,0.7992803
4845,4,25029,0.77887
4845,5,43781,0.7725295
4845,6,408524,0.7695275
4845,7,106665,0.7695054
4845,8,159471,0.7678088
4845,9,180196,0.76335776
4845,10,367960,0.75983393
3625,1,569812,0.7669798
3625,2,500751,0.76110303
3625,3,140078,0.7420399
3625,4,176640,0.74170876
3625,5,210345,0.7408326
3625,6,380263,0.73947746
3625,7,295738,0.7385795
3625,8,113830,0.7382318
3625,9,98326,0.73604834
3625,10,158058,0.7345491
6679,1,116436,0.8325118
6679,2,358492,0.83118194
6679,3,581672,0.82456166
6679,4,293605,0.7878361
6679,5,463254,0.78383493
6679,6,481070,0.78220564
6679,7,177559,0.7803998
6679,8,53669,0.7783714
6679,9,11456,0.77797186
6679,10,477011,0.7748921
6005,1,149500,0.8377962
6005,2,507544,0.8048841
6005,3,564206,0.7977977
6005,4,176498,0.7905888
6005,5,96268,0.7899312
6005,6,32324,0.78935456
6005,7,680,0.7883868
6005,8,402659,0.7875184
6005,9,117085,0.78511345
6005,10,571198,0.7845276
8544,1,267113,0.7826022
8544,2,214003,0.77232945
8544,3,343613,0.7537935
8544,4,393418,0.7532558
8544,5,72677,0.75272363
8544,6,502164,0.7494885
8544,7,105231,0.7464385
8544,8,333496,0.7380566
8544,9,568611,0.7369875
8544,10,527076,0.7364993
4464,1,402314,0.77358305
4464,2,470692,0.7500241
4464,3,218522,0.74419475
4464,4,182010,0.7423835
4464,5,555237,0.74063736
4464,6,385182,0.7371032
4464,7,307999,0.7368836
4464,8,395693,0.73476046
4464,9,56894,0.7343999
4464,10,102904,0.73399997
3822,1,292714,0.7891035
3822,2,305907,0.7819029
3822,3,592545,0.7714745
3822,4,174406,0.7682079
3822,5,370756,0.7622521
3822,6,541608,0.7603522
3822,7,208499,0.752197
3822,8,239876,0.74651945
3822,9,549787,0.74642444
3822,10,417917,0.74546134
7879,1,58186,0.7618777
7879,2,458843,0.75758624
7879,3,388252,0.75234437
7879,4,200921,0.75088644
7879,5,43088,0.7470872
7879,6,484327,0.74683696
7879,7,585447,0.7461203
7879,8,50542,0.74541175
7879,9,176335,0.74515235
7879,10,215296,0.74448377
3115,1,233562,0.74066925
3115,2,267892,0.724836
3115,3,129364,0.7184965
3115,4,559852,0.6722479
3115,5,532609,0.6636772
3115,6,145153,0.66106296
3115,7,498640,0.6579927
3115,8,193280,0.6579847
3115,9,395721,0.6556442
3115,10,150066,0.6524253
8512,1,469809,0.832213
8512,2,458063,0.82915497
8512,3,209789,0.8074788
8512,4,293687,0.803936
8512,5,483676,0.8027916
8512,6,23537,0.8022318
8512,7,13209,0.7968379
8512,8,219762,0.7925965
8512,9,428671,0.7916435
8512,10,371922,0.79057103
3995,1,404954,0.7840023
3995,2,578941,0.74766636
3995,3,394154,0.74327004
3995,4,79556,0.7401948
3995,5,81815,0.7401043
3995,6,297900,0.73857105
3995,7,479918,0.73284024
3995,8,331384,0.7316816
3995,9,212883,0.7304582
3995,10,485507,0.72649264
559,1,75252,0.7962206
559,2,585282,0.7827404
559,3,191550,0.76995397
559,4,410243,0.7667873
559,5,315796,0.7626446
559,6,26758,0.76132554
559,7,453025,0.75966567
559,8,583321,0.75929296
559,9,176742,0.7586079
559,10,372039,0.7552523
3791,1,570466,0.8133803
3791,2,212222,0.7725929
3791,3,327432,0.77249503
3791,4,255171,0.75151944
3791,5,377035,0.7361769
3791,6,282013,0.7354671
3791,7,37484,0.73175216
3791,8,42475,0.7315321
3791,9,487373,0.72854674
3791,10,368023,0.7251162
8002,1,115333,0.7536247
8002,2,97842,0.74839276
8002,3,118786,0.74469596
8002,4,571258,0.73749274
8002,5,265159,0.73409784
8002,6,321114,0.7320273
8002,7,217006,0.73155016
8002,8,162454,0.7294575
8002,9,557181,0.72801983
8002,10,458431,0.72446084
4179,1,278196,0.7834142
4179,2,546589,0.7773831
4179,3,273077,0.776587
4179,4,371672,0.7719182
4179,5,240848,0.7706291
4179,6,589950,0.7628827
4179,7,136073,0.7620817
4179,8,122683,0.75734234
4179,9,514058,0.75706035
4179,10,110628,0.7535761
2891,1,31117,0.82192016
2891,2,163199,0.7619572
2891,3,250702,0.75851905
2891,4,295121,0.75519586
2891,5,497642,0.74828595
2891,6,348787,0.7402951
2891,7,537763,0.738216
2891,8,94088,0.73432535
2891,9,403930,0.73373395
2891,10,125776,0.7306081
853,1,477476,0.82966673
853,2,223170,0.8294692
853,3,585121,0.82524776
853,4,211485,0.81652546
853,5,438801,0.8165025
853,6,569645,0.79717994
853,7,449816,0.79594475
853,8,212786,0.7953588
853,9,303078,0.79461014
853,10,434351,0.7928307
10136,1,265453,0.78677
10136,2,205685,0.7771477
10136,3,466950,0.7745888
10136,4,417740,0.7726366
10136,5,121017,0.7706161
10136,6,351293,0.77020335
10136,7,393823,0.7687475
10136,8,103830,0.7645273
10136,9,290930,0.760776
10136,10,553647,0.75759757
8635,1,575918,0.75478494
8635,2,488364,0.75451237
8635,3,182444,0.7526717
8635,4,423229,0.7521597
8635,5,166118,0.74698806
8635,6,356929,0.7442607
8635,7,454629,0.74415964
8635,8,523406,0.7433836
8635,9,226944,0.7432485
8635,10,164513,0.7430013
2513,1,378414,0.77219355
2513,2,440774,0.7650069
2513,3,235266,0.76450276
2513,4,255101,0.75535965
2513,5,257168,0.7540528
2513,6,209974,0.7520441
2513,7,395011,0.7515013
2513,8,309555,0.7486642
2513,9,452350,0.74859345
2513,10,6543,0.74720347
5206,1,298908,0.81937397
5206,2,179494,0.7990957
5206,3,557199,0.7945962
5206,4,431212,0.7925221
5206,5,287157,0.7841047
5206,6,172128,0.77932316
5206,7,55084,0.7770044
5206,8,402739,0.7767941
5206,9,599483,0.7762789
5206,10,504293,0.7759359
8959,1,52221,0.84599614
8959,2,502147,0.8050545
8959,3,118712,0.7987213
8959,4,327952,0.79321754
8959,5,540816,0.79137915
8959,6,468025,0.7910474
8959,7,91831,0.78836197
8959,8,440959,0.78589654
8959,9,340607,0.7826981
8959,10,200879,0.7790481
4433,1,563728,0.8402114
4433,2,34986,0.81960696
4433,3,367960,0.8142991
4433,4,549364,0.81188065
4433,5,343040,0.8080044
4433,6,504301,0.8046878
4433,7,297290,0.8045343
4433,8,315627,0.799034
4433,9,544236,0.7977625
4433,10,106620,0.792379
4188,1,199921,0.7472067
4188,2,507867,0.74465334
4188,3,451759,0.74134463
4188,4,563416,0.7404448
4188,5,153265,0.73911786
4188,6,502854,0.7358638
4188,7,550932,0.7327051
4188,8,206491,0.72522736
4188,9,26462,0.7195938
4188,10,468108,0.7127476
2713,1,584170,0.74134445
2713,2,73505,0.7256725
2713,3,165691,0.7254704
2713,4,15473,0.7249026
2713,5,284528,0.71989286
2713,6,324717,0.7190912
2713,7,564301,0.7151838
2713,8,365462,0.7132144
2713,9,333292,0.70991784
2713,10,41944,0.709872
9060,1,511093,0.89456844
9060,2,528052,0.8160312
9060,3,228217,0.8042376
9060,4,325787,0.80381995
9060,5,374797,0.8027963
9060,6,586502,0.7962676
9060,7,247902,0.7961288
9060,8,230666,0.7937053
9060,9,275199,0.79334116
9060,10,294688,0.79291034
7098,1,34139,0.84933317
7098,2,236254,0.8460322
7098,3,318321,0.8223032
7098,4,552255,0.8174086
7098,5,217781,0.8122566
7098,6,280538,0.81192505
7098,7,314200,0.8002452
7098,8,97348,0.7991912
7098,9,266898,0.79905593
7098,10,581780,0.79858536
10628,1,384015,0.80308664
10628,2,209359,0.79540974
10628,3,434788,0.7896128
10628,4,487329,0.77904385
10628,5,591694,0.7773632
10628,6,366484,0.7753993
10628,7,588116,0.7717002
10628,8,148728,0.77160656
10628,9,94690,0.76982844
10628,10,122050,0.7677022
6683,1,480748,0.70512956
6683,2,420476,0.6803436
6683,3,121490,0.6794368
6683,4,502091,0.6703148
6683,5,53993,0.6689551
6683,6,432727,0.6674323
6683,7,216734,0.65925527
6683,8,284463,0.65811175
6683,9,314898,0.65190446
6683,10,193312,0.65139997
10183,1,347010,0.75277054
10183,2,285472,0.752329
10183,3,594784,0.75115216
10183,4,246345,0.74421984
10183,5,318966,0.7425835
10183,6,417208,0.7397176
10183,7,110061,0.73929614
10183,8,57263,0.7379663
10183,9,314342,0.732647
10183,10,558867,0.73230076
3829,1,315723,0.748735
3829,2,211143,0.74240535
3829,3,249505,0.736966
3829,4,291438,0.7330121
3829,5,443487,0.73034227
3829,6,335532,0.72883165
3829,7,187791,0.72852266
3829,8,290788,0.7243181
3829,9,400532,0.7235532
3829,10,246688,0.7219981
5585,1,183774,0.7596852
5585,2,337817,0.7412771
5585,3,547441,0.73949754
5585,4,193449,0.7373358
5585,5,459695,0.73366874
5585,6,13656,0.73075247
5585,7,253005,0.72813505
5585,8,549760,0.7278551
5585,9,300117,0.72782177
5585,10,44802,0.72658384
4105,1,345910,0.75062865
4105,2,507000,0.7330955
4105,3,489478,0.72950524
4105,4,98726,0.7240643
4105,5,108519,0.7217417
4105,6,227300,0.7174037
4105,7,36272,0.7140999
4105,8,321941,0.71374786
4105,9,362049,0.7096205
4105,10,222126,0.7081175
1074,1,443960,0.7965433
1074,2,137449,0.73347056
1074,3,588509,0.7113353
1074,4,423191,0.69284654
1074,5,482141,0.6901115
1074,6,192958,0.68654615
1074,7,153664,0.68231714
1074,8,292552,0.6816947
1074,9,208276,0.68153393
1074,10,98112,0.6794552
2465,1,37382,0.79069424
2465,2,398536,0.7810594
2465,3,510716,0.77169377
2465,4,146657,0.75509155
2465,5,310612,0.75042486
2465,6,82199,0.74918664
2465,7,18889,0.7443455
2465,8,581265,0.74177235
2465,9,1681,0.74154925
2465,10,81599,0.73671144
4640,1,427270,0.7885598
4640,2,331534,0.768435
4640,3,99314,0.7580782
4640,4,295246,0.7546612
4640,5,133548,0.75259703
4640,6,372808,0.7500341
4640,7,444172,0.7499261
4640,8,90572,0.74881655
4640,9,475412,0.7476798
4640,10,485398,0.74623287
9275,1,23217,0.818331
9275,2,465313,0.81219244
9275,3,291886,0.8095266
9275,4,537916,0.8081938
9275,5,328073,0.80580014
9275,6,169240,0.8039743
9275,7,561999,0.8038792
9275,8,400730,0.80277026
9275,9,343219,0.801984
9275,10,423929,0.80166614
10497,1,147765,0.78887796
10497,2,46902,0.78608745
10497,3,159880,0.7721192
10497,4,71898,0.7497976
10497,5,252237,0.7433538
10497,6,332447,0.74333966
10497,7,53496,0.7421495
10497,8,575729,0.7419848
10497,9,484278,0.74177516
10497,10,113960,0.74096024
9481,1,132760,0.8330768
9481,2,402240,0.8071052
9481,3,569953,0.7711622
9481,4,287781,0.7683653
9481,5,30417,0.7650227
9481,6,293005,0.7410242
9481,7,404261,0.73875505
9481,8,177138,0.73425674
9481,9,236507,0.7318834
9481,10,218696,0.73108286
3500,1,11601,0.8103254
3500,2,273187,0.78442603
3500,3,76283,0.7640598
3500,4,528206,0.7629664
3500,5,579763,0.7592958
3500,6,487094,0.75681007
3500,7,419926,0.7553779
3500,8,557478,0.75330937
3500,9,422331,0.7531418
3500,10,314163,0.75214756
4205,1,288330,0.7829948
4205,2,79777,0.78262
4205,3,540451,0.77905834
4205,4,499875,0.77714604
4205,5,226102,0.7742534
4205,6,455577,0.77334857
4205,7,531953,0.768654
4205,8,163303,0.7673496
4205,9,136086,0.76692945
4205,10,152657,0.763702
1306,1,387022,0.74894893
1306,2,115042,0.74893486
1306,3,450779,0.7486652
1306,4,327997,0.74801356
1306,5,519038,0.74721247
1306,6,476721,0.745118
1306,7,366231,0.7432867
1306,8,537698,0.741561
1306,9,431682,0.7403885
1306,10,90652,0.74037874
1826,1,401731,0.85992616
1826,2,8057,0.76248384
1826,3,583788,0.7407962
1826,4,52978,0.72652686
1826,5,270357,0.7189486
1826,6,279539,0.71874726
1826,7,139998,0.717156
1826,8,300254,0.71714693
1826,9,181787,0.71445286
1826,10,546678,0.71213603
6262,1,34538,0.7813316
6262,2,390877,0.7555798
6262,3,118707,0.7291312
6262,4,62882,0.70456296
6262,5,599485,0.70067143
6262,6,481028,0.6988143
6262,7,574386,0.6985738
6262,8,304479,0.6958823
6262,9,389192,0.6948132
6262,10,302049,0.69463587
5347,1,352930,0.81814396
5347,2,34043,0.7636924
5347,3,43142,0.7617715
5347,4,478426,0.7611784
5347,5,548649,0.75111187
5347,6,355491,0.748657
5347,7,500946,0.73704255
5347,8,201856,0.7359963
5347,9,519692,0.73266464
5347,10,280805,0.7308317
4500,1,229878,0.731256
4500,2,38863,0.7066772
4500,3,539089,0.7019633
4500,4,150179,0.69833493
4500,5,425577,0.69693685
4500,6,113800,0.69619143
4500,7,130499,0.6931031
4500,8,209843,0.68984395
4500,9,375671,0.68837154
4500,10,461355,0.68470895
3615,1,13275,0.83934927
3615,2,335991,0.8314896
3615,3,518379,0.8258002
3615,4,329497,0.8199487
3615,5,224434,0.8196592
3615,6,74583,0.8182602
3615,7,226547,0.8146468
3615,8,388028,0.8120802
3615,9,576263,0.8102085
3615,10,554739,0.80880886
8632,1,43497,0.8067384
8632,2,340730,0.80501604
8632,3,237783,0.80256146
8632,4,576503,0.8009418
8632,5,102436,0.7984678
8632,6,334473,0.7862532
8632,7,200784,0.784796
8632,8,193717,0.7825478
8632,9,382381,0.7806729
8632,10,36453,0.780519
9979,1,35369,0.8387412
9979,2,96351,0.8176478
9979,3,10578,0.80726635
9979,4,13885,0.79862046
9979,5,556936,0.79706746
9979,6,326858,0.796767
9979,7,48691,0.79169095
9979,8,572670,0.7869374
9979,9,488326,0.78478485
9979,10,190772,0.78469837
9617,1,408524,0.81488585
9617,2,159471,0.814223
9617,3,367960,0.80023587
9617,4,391215,0.79719937
9617,5,370244,0.796962
9617,6,298350,0.794629
9617,7,472663,0.79095006
9617,8,288679,0.7821233
9617,9,392465,0.7819079
9617,10,473658,0.7787988
1948,1,171242,0.71792305
1948,2,91707,0.70352805
1948,3,467509,0.69885445
1948,4,80609,0.68518484
1948,5,300705,0.6847271
1948,6,168667,0.6812096
1948,7,487067,0.6791288
1948,8,219033,0.67895126
1948,9,231727,0.6751223
1948,10,5219,0.6714287
6133,1,320184,0.774988
6133,2,463254,0.76720804
6133,3,581672,0.76713145
6133,4,358492,0.764354
6133,5,7733,0.7603352
6133,6,481070,0.76011336
6133,7,53669,0.75781304
6133,8,442823,0.75656486
6133,9,333408,0.7550045
6133,10,428399,0.7453209
9737,1,419897,0.793376
9737,2,573077,0.7876537
9737,3,245082,0.781566
9737,4,163670,0.7803206
9737,5,349974,0.7798871
9737,6,99131,0.7792131
9737,7,154665,0.7761055
9737,8,240215,0.77111995
9737,9,238474,0.7686589
9737,10,224069,0.7655778
3771,1,521712,0.7868711
3771,2,128471,0.78077394
3771,3,490384,0.77867585
3771,4,245705,0.74103457
3771,5,210587,0.7336281
3771,6,350245,0.73264873
3771,7,495826,0.7264058
3771,8,493198,0.72620475
3771,9,149339,0.7251134
3771,10,217715,0.7251098
1736,1,437610,0.7664259
1736,2,562896,0.75197315
1736,3,584273,0.7448748
1736,4,345448,0.7422161
1736,5,511714,0.7389575
1736,6,190635,0.7375432
1736,7,298908,0.7357497
1736,8,61706,0.72982305
1736,9,99463,0.72951245
1736,10,368026,0.72897255
5255,1,330453,0.77797604
5255,2,412830,0.76092434
5255,3,341712,0.69390106
5255,4,468381,0.6870581
5255,5,433809,0.6866307
5255,6,205010,0.6794453
5255,7,481339,0.6771156
5255,8,317666,0.67675877
5255,9,134689,0.67591166
5255,10,165855,0.6744635
5380,1,549254,0.87473285
5380,2,51715,0.76882005
5380,3,314410,0.7687807
5380,4,597679,0.76622075
5380,5,286141,0.7639345
5380,6,99131,0.7572883
5380,7,25441,0.75300443
5380,8,582161,0.7517356
5380,9,177563,0.7506029
5380,10,229582,0.749015
9188,1,580802,0.90359324
9188,2,393090,0.7797606
9188,3,153660,0.77480286
9188,4,434694,0.7706002
9188,5,1577,0.76714
9188,6,200212,0.7653722
9188,7,479420,0.76255214
9188,8,161201,0.76189595
9188,9,530631,0.761081
9188,10,332924,0.7590976
2051,1,341192,0.77870977
2051,2,88575,0.7760373
2051,3,403870,0.7740768
2051,4,409603,0.7732663
2051,5,223477,0.7707628
2051,6,218293,0.769452
2051,7,484688,0.7692062
2051,8,586029,0.76882493
2051,9,112223,0.76488525
2051,10,357685,0.7580632
5067,1,237760,0.8388089
5067,2,107584,0.791684
5067,3,580817,0.7789066
5067,4,146657,0.7709215
5067,5,127584,0.76932585
5067,6,512590,0.7666408
5067,7,503476,0.7515584
5067,8,559889,0.75028235
5067,9,228686,0.74661046
5067,10,359814,0.74514925
10414,1,303325,0.79074955
10414,2,261802,0.6970662
10414,3,10017,0.6960172
10414,4,198583,0.69040585
10414,5,79807,0.6892706
10414,6,78816,0.6735072
10414,7,468025,0.67034227
10414,8,418124,0.66709805
10414,9,115134,0.6639067
10414,10,565539,0.6630142
6814,1,124188,0.78986907
6814,2,26292,0.776094
6814,3,878,0.7725377
6814,4,590188,0.76949584
6814,5,483147,0.7625336
6814,6,345368,0.75921327
6814,7,27015,0.7573577
6814,8,466143,0.75719595
6814,9,400614,0.75474894
6814,10,503740,0.7521423
6146,1,7403,0.82011014
6146,2,160125,0.8164588
6146,3,104081,0.7888382
6146,4,191012,0.76105833
6146,5,220032,0.75419503
6146,6,554573,0.7534429
6146,7,581889,0.75226456
6146,8,179181,0.75188595
6146,9,353980,0.74891186
6146,10,143844,0.7488065
4756,1,26846,0.7202127
4756,2,10882,0.71267223
4756,3,415976,0.70388544
4756,4,138336,0.7031511
4756,5,150813,0.7010142
4756,6,54574,0.69751287
4756,7,217222,0.6966179
4756,8,379299,0.6924833
4756,9,83987,0.69175524
4756,10,272190,0.69099987
7754,1,197527,0.7886016
7754,2,466107,0.75472355
7754,3,79415,0.7536776
7754,4,260094,0.7428084
7754,5,78675,0.7343856
7754,6,220327,0.73405457
7754,7,272190,0.73374116
7754,8,503449,0.7284685
7754,9,5591,0.728147
7754,10,382121,0.7279812
2076,1,278824,0.7616945
2076,2,184646,0.76115227
2076,3,329101,0.75032914
2076,4,541809,0.740801
2076,5,236122,0.72306895
2076,6,298009,0.7165878
2076,7,444365,0.7093781
2076,8,340024,0.7083517
2076,9,527776,0.7079171
2076,10,248761,0.70685995
1322,1,114231,0.75842184
1322,2,567973,0.75173056
1322,3,402814,0.72423816
1322,4,397852,0.720669
1322,5,91463,0.7198193
1322,6,68842,0.7196496
1322,7,504178,0.71227187
1322,8,424274,0.7089213
1322,9,535703,0.7077504
1322,10,524723,0.707328
2880,1,533791,0.92091155
2880,2,207285,0.87760466
2880,3,127697,0.8218913
2880,4,118594,0.7543808
2880,5,338943,0.7422633
2880,6,48718,0.7273869
2880,7,580802,0.72674686
2880,8,321637,0.72121716
2880,9,9243,0.72031415
2880,10,458635,0.7177567
5172,1,322194,0.80140686
5172,2,503723,0.7967852
5172,3,215393,0.7926735
5172,4,366477,0.7910365
5172,5,522341,0.78430915
5172,6,38786,0.78276896
5172,7,529123,0.7766945
5172,8,466944,0.77653575
5172,9,197796,0.7747086
5172,10,526989,0.7743468
5185,1,206841,0.8092494
5185,2,376485,0.8050834
5185,3,235917,0.7966216
5185,4,365675,0.792657
5185,5,11094,0.78662604
5185,6,443951,0.78588307
5185,7,87160,0.78325343
5185,8,88311,0.78313726
5185,9,503725,0.779
5185,10,75270,0.7775661
9644,1,364575,0.8095565
9644,2,194605,0.80277663
9644,3,6771,0.8010861
9644,4,353467,0.800539
9644,5,529958,0.7981495
9644,6,358520,0.79584485
9644,7,135363,0.7857083
9644,8,333408,0.782838
9644,9,258975,0.77651775
9644,10,278373,0.76916975
6909,1,88677,0.75761354
6909,2,304918,0.7557242
6909,3,47217,0.7485597
6909,4,332069,0.7477114
6909,5,414088,0.74505115
6909,6,445526,0.7434222
6909,7,18335,0.74209607
6909,8,278012,0.73453647
6909,9,488117,0.7308946
6909,10,353396,0.73087996
5906,1,469239,0.81036776
5906,2,474155,0.79402506
5906,3,390900,0.78712654
5906,4,318520,0.7863003
5906,5,174336,0.78568935
5906,6,209859,0.78489476
5906,7,38938,0.7839127
5906,8,256829,0.7832427
5906,9,353975,0.78040314
5906,10,65179,0.779614
2348,1,447619,0.76783943
2348,2,311025,0.7607527
2348,3,309851,0.7512571
2348,4,306430,0.74354124
2348,5,259706,0.7366299
2348,6,575869,0.73617035
2348,7,238587,0.7349242
2348,8,247486,0.73236996
2348,9,564069,0.7314404
2348,10,232425,0.73126155
687,1,285409,0.77491105
687,2,396222,0.7684655
687,3,140657,0.7520788
687,4,386349,0.74511087
687,5,526568,0.7399084
687,6,336387,0.7395303
687,7,353915,0.73837703
687,8,258423,0.738045
687,9,47923,0.7379748
687,10,584175,0.73776674
8017,1,480315,0.77314276
8017,2,237133,0.76700866
8017,3,101852,0.75976866
8017,4,97836,0.75431263
8017,5,373585,0.7512479
8017,6,78626,0.74688494
8017,7,161311,0.745793
8017,8,437875,0.74471843
8017,9,539263,0.74439245
8017,10,288679,0.74356496
8795,1,57297,0.8886836
8795,2,213609,0.7777958
8795,3,351776,0.7625725
8795,4,3463,0.7603605
8795,5,139920,0.75922686
8795,6,87535,0.75567555
8795,7,60314,0.750092
8795,8,214229,0.75002134
8795,9,272722,0.7475567
8795,10,590535,0.7467351
4499,1,517391,0.7580837
4499,2,419298,0.7535683
4499,3,206841,0.7509617
4499,4,98978,0.7477293
4499,5,544236,0.7475946
4499,6,506298,0.7423278
4499,7,78837,0.7409973
4499,8,272790,0.7409177
4499,9,551590,0.7400063
4499,10,459152,0.739864
9929,1,266323,0.7922971
9929,2,363899,0.7862176
9929,3,556936,0.78345305
9929,4,160030,0.77256954
9929,5,379140,0.77134556
9929,6,591757,0.77008784
9929,7,117451,0.76936173
9929,8,504089,0.7658756
9929,9,415616,0.7633498
9929,10,573404,0.75966
42,1,581265,0.81522584
42,2,305222,0.79089737
42,3,510863,0.78208244
42,4,571711,0.7747475
42,5,283079,0.77308404
42,6,517836,0.77125067
42,7,84963,0.76590925
42,8,333440,0.763684
42,9,272248,0.76002026
42,10,130631,0.7599351
3530,1,184299,0.81675476
3530,2,24029,0.7939411
3530,3,554015,0.76397985
3530,4,202960,0.7546462
3530,5,84800,0.7537936
3530,6,254230,0.7493461
3530,7,392137,0.7493106
3530,8,591385,0.7483156
3530,9,244711,0.7479485
3530,10,287537,0.74665636
5592,1,355241,0.8487963
5592,2,537716,0.77909136
5592,3,597265,0.7438174
5592,4,199648,0.74316704
5592,5,5744,0.74164224
5592,6,30322,0.7394522
5592,7,209063,0.73459744
5592,8,279693,0.73407555
5592,9,209826,0.7295064
5592,10,453624,0.7287605
8296,1,78675,0.8425647
8296,2,79998,0.80489033
8296,3,335981,0.77794427
8296,4,471611,0.77353966
8296,5,261994,0.7733198
8296,6,527894,0.767227
8296,7,79415,0.765604
8296,8,500527,0.7639967
8296,9,260094,0.7620303
8296,10,21530,0.75751406
659,1,168796,0.7386155
659,2,61227,0.7375907
659,3,449079,0.73485506
659,4,120279,0.7265279
659,5,13139,0.7254773
659,6,109852,0.7226425
659,7,96807,0.7170142
659,8,53694,0.71574825
659,9,581500,0.7152852
659,10,365240,0.71204764
9108,1,290757,0.80232763
9108,2,95282,0.75388753
9108,3,298985,0.73952997
9108,4,227568,0.73735344
9108,5,89110,0.7353269
9108,6,568130,0.7333546
9108,7,548467,0.73318
9108,8,86757,0.73270214
9108,9,176335,0.7309655
9108,10,46967,0.7307154
6835,1,84238,0.8286289
6835,2,149305,0.79995906
6835,3,29502,0.7993506
6835,4,350317,0.7966416
6835,5,423929,0.7958168
6835,6,122012,0.7945316
6835,7,333425,0.79043204
6835,8,528699,0.78799045
6835,9,545267,0.78768104
6835,10,238629,0.7873603
6803,1,544053,0.77433074
6803,2,28271,0.75811476
6803,3,565501,0.7541338
6803,4,193012,0.7480307
6803,5,583941,0.7459195
6803,6,489933,0.7331733
6803,7,501488,0.7303171
6803,8,221627,0.7299974
6803,9,42620,0.7296529
6803,10,518932,0.72837937
9381,1,528518,0.7844176
9381,2,442005,0.777713
9381,3,347189,0.76507163
9381,4,584350,0.76260257
9381,5,554207,0.75804573
9381,6,50002,0.75275624
9381,7,265277,0.7523639
9381,8,596664,0.7521853
9381,9,428117,0.7513579
9381,10,524238,0.7502735
4414,1,559157,0.80585384
4414,2,235522,0.7960702
4414,3,127082,0.79500294
4414,4,358736,0.78107613
4414,5,288663,0.7784254
4414,6,565226,0.77771664
4414,7,87580,0.7768903
4414,8,480887,0.77686566
4414,9,169309,0.7767923
4414,10,400646,0.7721436
3067,1,257248,0.79338515
3067,2,336276,0.78720397
3067,3,560915,0.7863854
3067,4,208842,0.7835065
3067,5,429338,0.7724035
3067,6,423403,0.765561
3067,7,115756,0.7630528
3067,8,341837,0.7624448
3067,9,344234,0.76220083
3067,10,526472,0.7612232
4125,1,58906,0.7355071
4125,2,174787,0.7341509
4125,3,10663,0.7316023
4125,4,365558,0.7286
4125,5,384541,0.7236338
4125,6,259849,0.7198479
4125,7,559900,0.7185428
4125,8,290725,0.71745163
4125,9,127347,0.7173473
4125,10,90554,0.7165546
1150,1,204479,0.74162877
1150,2,437706,0.7358306
1150,3,529444,0.7342631
1150,4,260363,0.7326692
1150,5,66864,0.7300465
1150,6,365167,0.7287773
1150,7,578267,0.7233826
1150,8,81343,0.7232231
1150,9,99987,0.7230237
1150,10,345403,0.7217889
7431,1,298776,0.80372906
7431,2,220733,0.794884
7431,3,364099,0.79211664
7431,4,251642,0.79198104
7431,5,589582,0.7879048
7431,6,100136,0.7818985
7431,7,387722,0.7811881
7431,8,290434,0.7806442
7431,9,189881,0.7805712
7431,10,233413,0.7805021
2384,1,360756,0.8018291
2384,2,454184,0.7874952
2384,3,435835,0.78010356
2384,4,196920,0.77402747
2384,5,72209,0.772455
2384,6,586455,0.7709113
2384,7,64672,0.7683466
2384,8,122185,0.766145
2384,9,42665,0.7651808
2384,10,237331,0.7629676
895,1,416268,0.80953133
895,2,474974,0.79083323
895,3,222726,0.7899599
895,4,546329,0.7896759
895,5,540334,0.7668047
895,6,502283,0.76527536
895,7,257100,0.7554238
895,8,440506,0.75331616
895,9,34087,0.7509024
895,10,450015,0.7482451
7747,1,182249,0.8340883
7747,2,506743,0.82600784
7747,3,494053,0.8169976
7747,4,127082,0.8126128
7747,5,180958,0.8111721
7747,6,169309,0.808788
7747,7,34925,0.80856025
7747,8,367137,0.8064485
7747,9,74287,0.80507004
7747,10,256663,0.80344427
879,1,366830,0.76586103
879,2,311786,0.72959566
879,3,378507,0.728274
879,4,66356,0.72402424
879,5,187227,0.7235983
879,6,88972,0.7198546
879,7,59819,0.7185305
879,8,30163,0.71419007
879,9,153281,0.7137875
879,10,351767,0.70884335
8040,1,15631,0.8040344
8040,2,523058,0.786064
8040,3,510736,0.78185374
8040,4,189881,0.7771799
8040,5,61007,0.77600473
8040,6,160464,0.7730563
8040,7,161230,0.7689109
8040,8,490648,0.7667639
8040,9,77781,0.7653967
8040,10,507445,0.76516116
3051,1,232063,0.8127524
3051,2,591940,0.7773872
3051,3,566430,0.73943436
3051,4,185282,0.73130983
3051,5,289402,0.72499573
3051,6,22353,0.722384
3051,7,156405,0.72186804
3051,8,378060,0.7208609
3051,9,394472,0.71998453
3051,10,454208,0.71955085
7705,1,500486,0.82628876
7705,2,539263,0.8132566
7705,3,312015,0.8020498
7705,4,370244,0.8003335
7705,5,17208,0.7988366
7705,6,387277,0.78952074
7705,7,392465,0.7895163
7705,8,106863,0.78873646
7705,9,367960,0.7863102
7705,10,377429,0.78400624
10039,1,67785,0.74778146
10039,2,54225,0.74104947
10039,3,358846,0.7407005
10039,4,124298,0.7388564
10039,5,53263,0.73799586
10039,6,237323,0.736724
10039,7,383704,0.73563325
10039,8,52940,0.7349833
10039,9,430974,0.7317194
10039,10,38863,0.72995317
9808,1,557582,0.7717627
9808,2,152719,0.7586879
9808,3,43087,0.7519312
9808,4,13483,0.7491237
9808,5,320101,0.7489112
9808,6,133735,0.7488037
9808,7,140267,0.74700826
9808,8,148728,0.74661106
9808,9,424706,0.7461258
9808,10,350276,0.7459082
7188,1,305346,0.7552843
7188,2,60166,0.75336283
7188,3,137444,0.7500706
7188,4,388242,0.73716104
7188,5,134235,0.72912097
7188,6,548676,0.7288408
7188,7,240894,0.71237105
7188,8,565782,0.70866585
7188,9,143124,0.7072055
7188,10,536456,0.70689875
4813,1,283917,0.8250791
4813,2,98356,0.8121339
4813,3,322249,0.7719892
4813,4,244418,0.7717566
4813,5,562282,0.76977587
4813,6,597215,0.7640838
4813,7,139047,0.7633096
4813,8,330645,0.76065266
4813,9,180295,0.75931
4813,10,290879,0.75907564
3888,1,208169,0.7431555
3888,2,50347,0.7178954
3888,3,432077,0.71106327
3888,4,448086,0.7072322
3888,5,521010,0.7026604
3888,6,316652,0.70257807
3888,7,282456,0.7011533
3888,8,490955,0.69980663
3888,9,307083,0.69849825
3888,10,294077,0.6970875
10109,1,93231,0.8044927
10109,2,332243,0.7871766
10109,3,28314,0.76024604
10109,4,370635,0.7503096
10109,5,402726,0.7340284
10109,6,340263,0.73276395
10109,7,370388,0.7305635
10109,8,119161,0.7292346
10109,9,274091,0.72711384
10109,10,344065,0.7229364
957,1,540334,0.7864314
957,2,264075,0.78465164
957,3,101748,0.78252804
957,4,436119,0.7806028
957,5,547301,0.7796211
957,6,446870,0.7777464
957,7,556021,0.7711718
957,8,502283,0.76881737
957,9,294753,0.7681183
957,10,292748,0.7672497
10601,1,568064,0.7730403
10601,2,5535,0.75425386
10601,3,274278,0.75001216
10601,4,445549,0.7428315
10601,5,207316,0.74224734
10601,6,91595,0.7388574
10601,7,14065,0.73883176
10601,8,134418,0.73857164
10601,9,236321,0.7350211
10601,10,104453,0.7343437
1871,1,175524,0.7942213
1871,2,443795,0.79102355
1871,3,171084,0.7899344
1871,4,444162,0.7868171
1871,5,535165,0.7741147
1871,6,244185,0.75478935
1871,7,346843,0.744764
1871,8,118396,0.7429496
1871,9,72965,0.74093044
1871,10,547737,0.7402431
5331,1,220147,0.8162687
5331,2,200784,0.80381685
5331,3,73260,0.79406285
5331,4,143655,0.76950526
5331,5,52185,0.7567971
5331,6,43497,0.7468487
5331,7,261258,0.7459606
5331,8,334473,0.7443377
5331,9,201794,0.7429043
5331,10,4794,0.74224365
2790,1,472484,0.8626679
2790,2,215103,0.81497836
2790,3,54827,0.80678177
2790,4,385343,0.8016288
2790,5,400896,0.79848886
2790,6,357200,0.79589117
2790,7,295688,0.79177856
2790,8,78518,0.79133946
2790,9,100483,0.7882552
2790,10,322587,0.7874632
9882,1,478736,0.79611486
9882,2,389581,0.78165543
9882,3,551809,0.77826846
9882,4,18349,0.77783656
9882,5,35191,0.77452314
9882,6,253847,0.7727436
9882,7,540986,0.7686948
9882,8,208499,0.7665488
9882,9,461821,0.7644026
9882,10,597519,0.76066387
4999,1,9938,0.8826693
4999,2,373312,0.80135703
4999,3,597241,0.7929988
4999,4,338803,0.79177696
4999,5,11263,0.7857107
4999,6,46211,0.783101
4999,7,151994,0.78121805
4999,8,168347,0.7778311
4999,9,171964,0.7757124
4999,10,520165,0.7730898
4142,1,87580,0.89781755
4142,2,235522,0.813235
4142,3,292475,0.7792827
4142,4,61346,0.7740773
4142,5,468225,0.75755644
4142,6,544020,0.75471866
4142,7,42475,0.7528632
4142,8,562080,0.75251967
4142,9,249604,0.7506682
4142,10,504833,0.74853057
3189,1,423658,0.8407975
3189,2,240975,0.82567054
3189,3,523949,0.82286197
3189,4,509837,0.82279384
3189,5,240591,0.82109964
3189,6,219208,0.81851494
3189,7,404800,0.8168429
3189,8,122222,0.81650174
3189,9,551122,0.8158207
3189,10,246109,0.81555194
5134,1,46774,0.8371458
5134,2,266221,0.8100584
5134,3,532616,0.8025618
5134,4,558042,0.7979758
5134,5,206727,0.7917846
5134,6,317666,0.7826704
5134,7,55820,0.78204596
5134,8,54225,0.7774954
5134,9,491472,0.777441
5134,10,343594,0.7757567
1321,1,304941,0.6978742
1321,2,64727,0.6937853
1321,3,467636,0.6919209
1321,4,481036,0.68419546
1321,5,333457,0.68165565
1321,6,559738,0.67867917
1321,7,29276,0.67624754
1321,8,92704,0.67385566
1321,9,440893,0.6733169
1321,10,261668,0.67244726
10710,1,195824,0.824147
10710,2,469382,0.8121351
10710,3,6771,0.7951914
10710,4,353467,0.7941294
10710,5,364575,0.79299223
10710,6,345410,0.78735733
10710,7,193303,0.7872381
10710,8,384165,0.78563404
10710,9,575408,0.7790534
10710,10,416286,0.7788156
6890,1,240196,0.8249792
6890,2,154976,0.81535864
6890,3,461018,0.80639845
6890,4,327941,0.7931988
6890,5,537783,0.79142845
6890,6,524949,0.7913723
6890,7,231221,0.79050624
6890,8,211730,0.7895608
6890,9,167322,0.78826684
6890,10,301208,0.7868409
3049,1,582864,0.81679714
3049,2,450808,0.81357956
3049,3,487728,0.81180996
3049,4,277812,0.808094
3049,5,434351,0.8071906
3049,6,174025,0.8012801
3049,7,477476,0.7909612
3049,8,260795,0.7893043
3049,9,254151,0.7844405
3049,10,406789,0.78103715
849,1,30316,0.77104723
849,2,256542,0.76048225
849,3,510144,0.7502295
849,4,420311,0.73762107
849,5,571062,0.7338079
849,6,391619,0.72961503
849,7,69317,0.7266859
849,8,174714,0.723674
849,9,13596,0.7219673
849,10,143368,0.7197617
4539,1,32744,0.790285
4539,2,42475,0.7860197
4539,3,472837,0.7825866
4539,4,451923,0.7761849
4539,5,404352,0.76940405
4539,6,328499,0.76891637
4539,7,55441,0.7659978
4539,8,220720,0.76556325
4539,9,275925,0.7633529
4539,10,10082,0.76068014
4084,1,134107,0.6897142
4084,2,15161,0.6868072
4084,3,233687,0.67762434
4084,4,396343,0.67587507
4084,5,250028,0.6755742
4084,6,75650,0.6717595
4084,7,590937,0.67174196
4084,8,308633,0.6698873
4084,9,102698,0.6635736
4084,10,509823,0.66250634
715,1,35834,0.761058
715,2,133120,0.75473744
715,3,548758,0.7535699
715,4,343457,0.7448648
715,5,333784,0.74197006
715,6,529381,0.734529
715,7,554087,0.7322359
715,8,273925,0.7316028
715,9,55513,0.7303622
715,10,437630,0.72978556
2416,1,105129,0.8373442
2416,2,502332,0.81462824
2416,3,171236,0.79229
2416,4,162612,0.77782226
2416,5,471247,0.7665459
2416,6,349684,0.74534535
2416,7,188776,0.7364998
2416,8,163923,0.7324432
2416,9,282565,0.72578526
2416,10,390529,0.71701944
7509,1,195156,0.8133471
7509,2,488015,0.8126887
7509,3,413856,0.8047442
7509,4,568130,0.7956313
7509,5,89110,0.7909627
7509,6,142320,0.7894027
7509,7,454102,0.78580827
7509,8,419985,0.7842521
7509,9,194279,0.7818257
7509,10,329466,0.78148097
2204,1,424523,0.8049183
2204,2,374030,0.7890481
2204,3,271514,0.78687143
2204,4,4066,0.7676093
2204,5,50809,0.7428603
2204,6,591007,0.71604115
2204,7,280056,0.7058789
2204,8,174363,0.70122725
2204,9,177403,0.69124424
2204,10,477568,0.6903931
9646,1,272784,0.8035846
9646,2,580512,0.7846774
9646,3,46428,0.78325856
9646,4,405791,0.78186077
9646,5,503740,0.7817654
9646,6,64237,0.7791526
9646,7,126479,0.778791
9646,8,725,0.7734728
9646,9,251713,0.77066976
9646,10,385020,0.76518023
2334,1,228403,0.8241077
2334,2,346760,0.7975814
2334,3,150650,0.77914834
2334,4,301998,0.77104557
2334,5,419479,0.7635929
2334,6,88889,0.7625064
2334,7,446652,0.75733423
2334,8,84563,0.75632226
2334,9,298779,0.75493026
2334,10,551029,0.7548836
2903,1,59686,0.82159126
2903,2,487728,0.8013042
2903,3,510913,0.7711941
2903,4,586026,0.7676201
2903,5,466213,0.7665646
2903,6,593694,0.7622993
2903,7,284085,0.7607837
2903,8,57406,0.7570024
2903,9,93638,0.7559469
2903,10,406656,0.753543
4827,1,86855,0.8080496
4827,2,495791,0.76081395
4827,3,366653,0.73378104
4827,4,43614,0.72955585
4827,5,88345,0.71477044
4827,6,132078,0.7128722
4827,7,104988,0.71202564
4827,8,315549,0.71068454
4827,9,386906,0.70934856
4827,10,304641,0.7082586
5534,1,278339,0.7399327
5534,2,421136,0.7394648
5534,3,530635,0.73821056
5534,4,539007,0.7334962
5534,5,527782,0.7226179
5534,6,559745,0.7216223
5534,7,228198,0.71584797
5534,8,53520,0.71575874
5534,9,70209,0.7145672
5534,10,537053,0.71279603
9668,1,421311,0.8270596
9668,2,111768,0.7908783
9668,3,548067,0.7765119
9668,4,416286,0.7762492
9668,5,369166,0.7727791
9668,6,577062,0.77198327
9668,7,252558,0.7710557
9668,8,226243,0.7682577
9668,9,551492,0.76474464
9668,10,181924,0.7644017
1530,1,95441,0.7784329
1530,2,28764,0.76013887
1530,3,219425,0.7494247
1530,4,294187,0.74517024
1530,5,458181,0.7369133
1530,6,20888,0.7329573
1530,7,185944,0.7284442
1530,8,547941,0.7262104
1530,9,313361,0.7235006
1530,10,434351,0.7217839
504,1,546097,0.76407945
504,2,217804,0.7547237
504,3,393817,0.74287975
504,4,301998,0.741752
504,5,569240,0.7413523
504,6,263999,0.7400668
504,7,316051,0.7396381
504,8,368247,0.73923576
504,9,24138,0.7366833
504,10,22807,0.7347546
721,1,496225,0.8061961
721,2,378137,0.71593666
721,3,512381,0.70921654
721,4,331530,0.6952372
721,5,513502,0.6949018
721,6,434337,0.6942109
721,7,134542,0.69394976
721,8,403755,0.69245327
721,9,61787,0.69174004
721,10,209838,0.69038534
2296,1,400009,0.75705445
2296,2,322259,0.7410136
2296,3,175982,0.74052167
2296,4,10948,0.7345411
2296,5,453624,0.73295635
2296,6,175824,0.7269665
2296,7,119298,0.7197777
2296,8,261846,0.7188661
2296,9,22268,0.71884346
2296,10,251062,0.7188115
3186,1,555486,0.8131163
3186,2,110387,0.724159
3186,3,545421,0.6997268
3186,4,159741,0.6981389
3186,5,316359,0.697363
3186,6,507287,0.6947237
3186,7,590837,0.69211316
3186,8,200457,0.69116765
3186,9,465260,0.689155
3186,10,75568,0.6884595
10975,1,441632,0.8503363
10975,2,360533,0.8236421
10975,3,399543,0.8225562
10975,4,290105,0.8216653
10975,5,551403,0.82000923
10975,6,480036,0.81644344
10975,7,353009,0.81528676
10975,8,81148,0.81442547
10975,9,452592,0.8140382
10975,10,163865,0.8126042
3859,1,389179,0.79455614
3859,2,189587,0.79002357
3859,3,411375,0.7781972
3859,4,4739,0.77735174
3859,5,401899,0.7708801
3859,6,314163,0.7666428
3859,7,378616,0.76105416
3859,8,521683,0.75866723
3859,9,462403,0.75757366
3859,10,502514,0.755682
1994,1,192843,0.77380085
1994,2,231990,0.762877
1994,3,291847,0.7443681
1994,4,132371,0.74183524
1994,5,7632,0.73978555
1994,6,434846,0.7395204
1994,7,300254,0.738816
1994,8,585562,0.73373735
1994,9,453257,0.73070234
1994,10,51491,0.7305701
6647,1,462265,0.8144698
6647,2,428017,0.69262874
6647,3,327952,0.69046354
6647,4,36321,0.6828069
6647,5,266167,0.6805356
6647,6,538915,0.6800394
6647,7,540816,0.6763861
6647,8,441300,0.675604
6647,9,95778,0.6724418
6647,10,599523,0.6716907
9164,1,115648,0.84920883
9164,2,321941,0.80352485
9164,3,305274,0.79986566
9164,4,265551,0.792603
9164,5,16924,0.79164684
9164,6,508438,0.7811441
9164,7,400016,0.7805985
9164,8,303037,0.7785884
9164,9,287950,0.7774974
9164,10,72510,0.7773373
1812,1,112435,0.78683585
1812,2,349607,0.78055596
1812,3,181608,0.77731174
1812,4,214071,0.7759158
1812,5,280177,0.7750498
1812,6,110283,0.7714956
1812,7,319159,0.7654618
1812,8,219274,0.76291955
1812,9,89872,0.76114345
1812,10,150598,0.760876
10462,1,216520,0.72952074
10462,2,66376,0.7290616
10462,3,326761,0.72732013
10462,4,147422,0.7242712
10462,5,127825,0.7213217
10462,6,280967,0.71830004
10462,7,44961,0.71824396
10462,8,228315,0.71349216
10462,9,220072,0.7118962
10462,10,281456,0.71177524
8855,1,312445,0.803277
8855,2,328477,0.79332626
8855,3,403092,0.7800874
8855,4,252653,0.7781532
8855,5,40227,0.7716856
8855,6,225239,0.77079284
8855,7,313570,0.7694191
8855,8,341148,0.7687901
8855,9,555521,0.7669474
8855,10,498378,0.76637995
7594,1,349611,0.7779509
7594,2,139871,0.77440417
7594,3,50912,0.77421135
7594,4,109454,0.76921463
7594,5,132950,0.7609385
7594,6,478339,0.75724804
7594,7,597459,0.75432634
7594,8,548718,0.7532029
7594,9,443689,0.75014603
7594,10,220176,0.74251056
4968,1,118232,0.78052425
4968,2,539552,0.75452477
4968,3,462135,0.75138545
4968,4,78648,0.7500876
4968,5,514500,0.74366045
4968,6,366315,0.74319255
4968,7,396633,0.7418121
4968,8,248217,0.74131644
4968,9,544506,0.7412746
4968,10,515095,0.73893684
7876,1,80024,0.9092724
7876,2,231781,0.84037757
7876,3,198592,0.8320409
7876,4,161895,0.8319495
7876,5,388065,0.8238773
7876,6,211343,0.82303065
7876,7,359734,0.80839425
7876,8,399345,0.80808496
7876,9,111827,0.8017597
7876,10,124368,0.7934555
7071,1,133644,0.83875114
7071,2,127702,0.8097995
7071,3,434812,0.8026513
7071,4,535605,0.7800684
7071,5,35575,0.7710587
7071,6,511678,0.7684467
7071,7,575213,0.7664959
7071,8,294573,0.7623814
7071,9,71713,0.75901747
7071,10,178684,0.758409
3534,1,112374,0.69145995
3534,2,141164,0.6902127
3534,3,70009,0.689408
3534,4,399348,0.68824506
3534,5,17943,0.6881286
3534,6,163543,0.68759227
3534,7,386745,0.6854582
3534,8,234480,0.68499553
3534,9,368377,0.6829242
3534,10,331925,0.6819829
8974,1,134931,0.8553194
8974,2,176110,0.81542325
8974,3,124762,0.81289804
8974,4,140738,0.81268597
8974,5,247051,0.8042287
8974,6,512458,0.8020605
8974,7,128077,0.8011137
8974,8,437706,0.80057687
8974,9,327925,0.8002812
8974,10,591313,0.7982823
10912,1,18349,0.76559377
10912,2,315959,0.76313114
10912,3,392137,0.75625074
10912,4,447303,0.7550621
10912,5,89351,0.752779
10912,6,263432,0.7508272
10912,7,349417,0.7497035
10912,8,478509,0.7490816
10912,9,586151,0.7490448
10912,10,529638,0.74806273
2737,1,426678,0.8224193
2737,2,17954,0.7572348
2737,3,310743,0.7517054
2737,4,302951,0.7356948
2737,5,197779,0.7174432
2737,6,95869,0.7137391
2737,7,41322,0.71280485
2737,8,178278,0.71271294
2737,9,574954,0.70948803
2737,10,237197,0.70853317
2964,1,144731,0.8187027
2964,2,280177,0.8099185
2964,3,214071,0.7933337
2964,4,349607,0.77885985
2964,5,359969,0.7736157
2964,6,219274,0.7690309
2964,7,150598,0.76902294
2964,8,112435,0.76150215
2964,9,319159,0.7552419
2964,10,321565,0.7541291
5178,1,39819,0.80738956
5178,2,111815,0.763072
5178,3,393833,0.76145947
5178,4,303509,0.7540058
5178,5,274122,0.7478279
5178,6,451457,0.74755204
5178,7,188461,0.7474009
5178,8,26846,0.74688053
5178,9,536841,0.74612176
5178,10,557506,0.74595875
5061,1,555404,0.72257614
5061,2,41262,0.71164715
5061,3,208216,0.7108045
5061,4,218501,0.7102048
5061,5,31699,0.7090899
5061,6,244561,0.7029402
5061,7,168530,0.7023096
5061,8,383157,0.70152664
5061,9,170916,0.70099187
5061,10,397617,0.69999516
7880,1,70194,0.8210325
7880,2,452122,0.8027457
7880,3,71545,0.7925957
7880,4,507777,0.7903368
7880,5,452939,0.786706
7880,6,313696,0.773106
7880,7,379213,0.7722212
7880,8,368124,0.7720636
7880,9,370754,0.7719591
7880,10,145123,0.7694688
9385,1,61787,0.7537689
9385,2,264184,0.7342355
9385,3,549311,0.7253866
9385,4,576865,0.72284013
9385,5,104220,0.7222259
9385,6,403755,0.7197757
9385,7,220230,0.7115373
9385,8,355738,0.7109477
9385,9,104857,0.7087166
9385,10,134542,0.70655274
4411,1,179702,0.7158545
4411,2,419772,0.7078011
4411,3,436899,0.70565623
4411,4,525693,0.70518243
4411,5,254572,0.7048956
4411,6,362887,0.70092493
4411,7,457034,0.7001518
4411,8,439617,0.7001156
4411,9,34480,0.6999973
4411,10,116545,0.6974866
515,1,372909,0.7560243
515,2,334603,0.73354167
515,3,484470,0.7306907
515,4,269146,0.72145915
515,5,304085,0.71617657
515,6,31694,0.7149184
515,7,599545,0.7120223
515,8,141894,0.7117758
515,9,458376,0.7113651
515,10,436119,0.70879734
2075,1,523393,0.7779797
2075,2,44417,0.74823046
2075,3,193404,0.73997855
2075,4,447555,0.73536813
2075,5,377444,0.7326921
2075,6,261679,0.7321224
2075,7,375876,0.72922623
2075,8,65667,0.72031355
2075,9,301866,0.7195188
2075,10,260983,0.71772075
8230,1,514500,0.7713319
8230,2,293758,0.76883274
8230,3,261640,0.7637757
8230,4,118232,0.7637094
8230,5,548676,0.76260436
8230,6,347521,0.7609007
8230,7,63044,0.7589502
8230,8,588384,0.75806355
8230,9,514271,0.7542399
8230,10,319599,0.751991
4335,1,318583,0.8093471
4335,2,484148,0.7248677
4335,3,271029,0.6944692
4335,4,3181,0.67665666
4335,5,259939,0.6760344
4335,6,589161,0.6631272
4335,7,419466,0.6600148
4335,8,322246,0.65947026
4335,9,169613,0.65878177
4335,10,142201,0.65739894
7533,1,250603,0.7781992
7533,2,148057,0.7682228
7533,3,365193,0.7646599
7533,4,284411,0.76393604
7533,5,144009,0.76158786
7533,6,385874,0.7608794
7533,7,169240,0.75984514
7533,8,8012,0.75827783
7533,9,66858,0.7582721
7533,10,262761,0.75803745
5683,1,448690,0.812531
5683,2,173026,0.80517966
5683,3,192686,0.7871243
5683,4,583708,0.7636992
5683,5,226070,0.7612993
5683,6,416732,0.75063896
5683,7,597653,0.7496635
5683,8,77963,0.7474045
5683,9,5054,0.7460538
5683,10,593035,0.74015766
4785,1,37517,0.73658466
4785,2,495715,0.6649352
4785,3,6426,0.6638452
4785,4,229582,0.6623049
4785,5,126299,0.6581042
4785,6,429652,0.65503186
4785,7,146941,0.6540823
4785,8,162456,0.65344876
4785,9,328995,0.64748174
4785,10,487847,0.6466635
7456,1,412223,0.78915954
7456,2,183419,0.78861517
7456,3,503075,0.77799034
7456,4,281844,0.7775035
7456,5,558566,0.77455723
7456,6,164008,0.7695249
7456,7,43432,0.76936704
7456,8,427747,0.7662541
7456,9,79766,0.7645978
7456,10,580364,0.7628411
3528,1,369075,0.7356484
3528,2,447983,0.73449016
3528,3,142876,0.73186207
3528,4,473712,0.7317328
3528,5,205196,0.73071766
3528,6,190225,0.7255477
3528,7,44632,0.72223663
3528,8,253697,0.71499735
3528,9,345697,0.708909
3528,10,525247,0.70438206
1393,1,220022,0.7827075
1393,2,532932,0.7414725
1393,3,182989,0.73168015
1393,4,506108,0.7312225
1393,5,232544,0.7306144
1393,6,59686,0.726804
1393,7,234436,0.7248505
1393,8,487791,0.7246859
1393,9,139501,0.7231609
1393,10,57406,0.7216515
9487,1,54341,0.8063983
9487,2,137478,0.77768135
9487,3,177648,0.77749
9487,4,72846,0.7706698
9487,5,38655,0.7692534
9487,6,561205,0.7575946
9487,7,432727,0.75659895
9487,8,419505,0.75309277
9487,9,365092,0.7511505
9487,10,21975,0.74898654
10792,1,379299,0.83829194
10792,2,374956,0.8289397
10792,3,195044,0.7959912
10792,4,204761,0.7957804
10792,5,198606,0.7897146
10792,6,435096,0.788608
10792,7,479874,0.78182167
10792,8,88889,0.780367
10792,9,393987,0.7538532
10792,10,495418,0.75155604
5264,1,52579,0.8823478
5264,2,431814,0.8062105
5264,3,311153,0.78160554
5264,4,576564,0.7618263
5264,5,28662,0.76027155
5264,6,512914,0.75984937
5264,7,218326,0.7577202
5264,8,580920,0.75413036
5264,9,551492,0.75077105
5264,10,239502,0.7486882
9733,1,423260,0.72440004
9733,2,301880,0.7124408
9733,3,108965,0.6889609
9733,4,31603,0.6686468
9733,5,418639,0.66282964
9733,6,108770,0.66117513
9733,7,282538,0.66025186
9733,8,316321,0.6581602
9733,9,258973,0.6511953
9733,10,474842,0.6505912
4339,1,386531,0.8571142
4339,2,488615,0.8134926
4339,3,44474,0.75336444
4339,4,316312,0.7211642
4339,5,424166,0.7180692
4339,6,391834,0.7130723
4339,7,501376,0.70355356
4339,8,355210,0.6972563
4339,9,332009,0.6854985
4339,10,524254,0.68333125
7311,1,428657,0.6614611
7311,2,203012,0.6565085
7311,3,121058,0.65452695
7311,4,199746,0.6521803
7311,5,526900,0.6515509
7311,6,406846,0.6515241
7311,7,249083,0.6486256
7311,8,342660,0.64790916
7311,9,326355,0.64701754
7311,10,507841,0.64671916
744,1,39495,0.7406916
744,2,231688,0.7392485
744,3,67066,0.7349833
744,4,289231,0.73318124
744,5,310790,0.7324786
744,6,47441,0.7290609
744,7,394460,0.72829163
744,8,407401,0.72827154
744,9,544107,0.7265177
744,10,153088,0.72646964
7141,1,557356,0.7869941
7141,2,238474,0.7865766
7141,3,163034,0.7747025
7141,4,254474,0.76570463
7141,5,538054,0.7641463
7141,6,74839,0.76389176
7141,7,394066,0.76387787
7141,8,222498,0.7629552
7141,9,557582,0.76044863
7141,10,226546,0.7599697
672,1,308307,0.83008397
672,2,152039,0.81057346
672,3,264565,0.80932474
672,4,589139,0.80517256
672,5,81941,0.8025959
672,6,167202,0.7945813
672,7,217629,0.79332185
672,8,195526,0.78231794
672,9,345894,0.7780988
672,10,504208,0.7763041
6002,1,390642,0.8891437
6002,2,154181,0.8804295
6002,3,459423,0.8775079
6002,4,273501,0.87162876
6002,5,404605,0.8690808
6002,6,359862,0.8672935
6002,7,496752,0.8671775
6002,8,391819,0.8625004
6002,9,233472,0.8553201
6002,10,34389,0.84721446
4071,1,473965,0.7932198
4071,2,505136,0.7757025
4071,3,53538,0.75960195
4071,4,235322,0.7544491
4071,5,291862,0.7509552
4071,6,302010,0.7491465
4071,7,470357,0.7463772
4071,8,135113,0.74424005
4071,9,308332,0.7408028
4071,10,265108,0.7395844
4103,1,379492,0.7854583
4103,2,180958,0.77807915
4103,3,256663,0.76882935
4103,4,169309,0.75450313
4103,5,567749,0.7527138
4103,6,127434,0.7517444
4103,7,182249,0.75035584
4103,8,89808,0.7408266
4103,9,577578,0.73938936
4103,10,482415,0.7387307
1441,1,414940,0.8302603
1441,2,471123,0.82192266
1441,3,178,0.8173862
1441,4,416727,0.7975314
1441,5,232932,0.78241825
1441,6,56894,0.7662828
1441,7,409995,0.75065434
1441,8,384265,0.746762
1441,9,93354,0.74647415
1441,10,292865,0.74233305
3254,1,443511,0.8666693
3254,2,134239,0.7398202
3254,3,505763,0.7384559
3254,4,21896,0.73097086
3254,5,116921,0.71976703
3254,6,499875,0.7182094
3254,7,409403,0.7175895
3254,8,57837,0.71637374
3254,9,362974,0.7140735
3254,10,190347,0.7127932
7512,1,487329,0.8026558
7512,2,202985,0.8017478
7512,3,36251,0.79415095
7512,4,139915,0.7697795
7512,5,336018,0.76360285
7512,6,222320,0.7634604
7512,7,13631,0.7631356
7512,8,591694,0.7628336
7512,9,188531,0.762249
7512,10,480949,0.76207364
2589,1,43961,0.8006766
2589,2,450577,0.79166895
2589,3,448872,0.778839
2589,4,467141,0.7625626
2589,5,468144,0.75844055
2589,6,431682,0.74039096
2589,7,492044,0.73889756
2589,8,466835,0.7374548
2589,9,92463,0.73639476
2589,10,388295,0.7345165
2598,1,314007,0.8043952
2598,2,376126,0.7932706
2598,3,586207,0.73324096
2598,4,430692,0.7305903
2598,5,284059,0.7305804
2598,6,79469,0.72854805
2598,7,245931,0.7214525
2598,8,380241,0.7197728
2598,9,10324,0.71953475
2598,10,253847,0.7193773
6800,1,35191,0.83039945
6800,2,44461,0.75029576
6800,3,18349,0.74571836
6800,4,99472,0.7445227
6800,5,591436,0.74184173
6800,6,177050,0.7406371
6800,7,209493,0.7362339
6800,8,478736,0.73596025
6800,9,82283,0.734817
6800,10,113644,0.73268116
1391,1,454208,0.7425842
1391,2,145999,0.7284636
1391,3,544995,0.72631276
1391,4,156405,0.72523415
1391,5,566430,0.720667
1391,6,11132,0.72030014
1391,7,318266,0.7198405
1391,8,297428,0.7188197
1391,9,440745,0.7177982
1391,10,276646,0.7162946
6278,1,441836,0.7716764
6278,2,138511,0.7666557
6278,3,63698,0.7578608
6278,4,289982,0.7548947
6278,5,271525,0.75406456
6278,6,508510,0.75400114
6278,7,481898,0.75118554
6278,8,10790,0.74689364
6278,9,246095,0.7454584
6278,10,430911,0.74401426
7534,1,175821,0.7954918
7534,2,145539,0.7864845
7534,3,548673,0.7797301
7534,4,310218,0.77712226
7534,5,114806,0.776425
7534,6,483025,0.7753227
7534,7,491567,0.7728343
7534,8,103622,0.7710848
7534,9,378173,0.77085316
7534,10,138096,0.7707991
5356,1,537111,0.8023908
5356,2,71553,0.80038583
5356,3,535343,0.79716873
5356,4,334383,0.7900968
5356,5,466255,0.78426206
5356,6,167586,0.78116035
5356,7,485054,0.7810917
5356,8,47798,0.78047365
5356,9,546379,0.78038335
5356,10,279785,0.78004485
2579,1,364159,0.77638537
2579,2,524471,0.7751715
2579,3,283825,0.7728449
2579,4,559900,0.7711202
2579,5,419436,0.7572187
2579,6,191977,0.75414455
2579,7,468937,0.7534771
2579,8,489554,0.7512521
2579,9,200946,0.74891573
2579,10,552290,0.74765617
9961,1,104134,0.84437525
9961,2,63532,0.8254981
9961,3,13275,0.82422006
9961,4,529845,0.8213377
9961,5,195687,0.80582964
9961,6,183856,0.80427754
9961,7,119883,0.80257416
9961,8,439402,0.7986189
9961,9,217661,0.79768264
9961,10,551545,0.7972127
7484,1,444562,0.8955517
7484,2,77016,0.8359339
7484,3,586759,0.83076686
7484,4,527636,0.82606494
7484,5,512947,0.825829
7484,6,352415,0.82247186
7484,7,76285,0.82207906
7484,8,51205,0.81181705
7484,9,269061,0.8085952
7484,10,485538,0.8042331
5790,1,391251,0.7766711
5790,2,275543,0.7750883
5790,3,11122,0.7719043
5790,4,325118,0.76246536
5790,5,412502,0.7612018
5790,6,141738,0.757355
5790,7,241136,0.75457305
5790,8,343766,0.753816
5790,9,529954,0.7500937
5790,10,378465,0.7498406
7823,1,451196,0.8257802
7823,2,175927,0.7919334
7823,3,347825,0.7882366
7823,4,436904,0.76258516
7823,5,500863,0.7553893
7823,6,371251,0.75471264
7823,7,542795,0.75120676
7823,8,331492,0.749918
7823,9,172336,0.74652845
7823,10,57070,0.74642265
689,1,63366,0.74419445
689,2,177573,0.7290323
689,3,446932,0.72193253
689,4,235808,0.718858
689,5,410728,0.7156246
689,6,529786,0.7137257
689,7,325332,0.7128524
689,8,131177,0.7102165
689,9,81416,0.7100322
689,10,448225,0.70401603
604,1,436128,0.7502466
604,2,261622,0.7422823
604,3,576621,0.71939576
604,4,535673,0.7076972
604,5,231947,0.70600647
604,6,123287,0.7029659
604,7,451443,0.6953873
604,8,547574,0.69273496
604,9,286654,0.6881949
604,10,218460,0.6854884
9174,1,236931,0.7096616
9174,2,544576,0.69449174
9174,3,25487,0.6875894
9174,4,192910,0.6847865
9174,5,31978,0.6828043
9174,6,158091,0.6824953
9174,7,486557,0.68146366
9174,8,89351,0.6801725
9174,9,358770,0.6790978
9174,10,93727,0.6763371
6867,1,466143,0.79388714
6867,2,502607,0.77832454
6867,3,590188,0.775223
6867,4,301985,0.76308835
6867,5,878,0.7562132
6867,6,482739,0.752993
6867,7,558703,0.7505479
6867,8,63971,0.74938583
6867,9,568200,0.74726725
6867,10,392481,0.7471802
5970,1,434257,0.775792
5970,2,168453,0.7643726
5970,3,144731,0.7623301
5970,4,285449,0.760998
5970,5,349607,0.7583642
5970,6,150598,0.757712
5970,7,219274,0.75440794
5970,8,214071,0.75371456
5970,9,242923,0.753444
5970,10,181608,0.7532228
4681,1,587959,0.8477163
4681,2,181909,0.8074768
4681,3,325235,0.7698724
4681,4,505287,0.76749265
4681,5,259530,0.75220954
4681,6,215265,0.7375621
4681,7,491843,0.73375297
4681,8,151554,0.73004305
4681,9,161156,0.72775316
4681,10,153452,0.7272825
1670,1,393898,0.77852434
1670,2,493792,0.7595986
1670,3,243232,0.745119
1670,4,396069,0.66563344
1670,5,310089,0.6598058
1670,6,162298,0.65834737
1670,7,372873,0.65573776
1670,8,38174,0.6554127
1670,9,575918,0.6483033
1670,10,226897,0.6439688
6901,1,81441,0.78859067
6901,2,5257,0.7806547
6901,3,221881,0.7767432
6901,4,151546,0.7720088
6901,5,43087,0.76443744
6901,6,273612,0.7627352
6901,7,402778,0.7622856
6901,8,363043,0.7622098
6901,9,416307,0.7608371
6901,10,257609,0.75858283
10808,1,312591,0.75433505
10808,2,443951,0.74372965
10808,3,483168,0.7432562
10808,4,28291,0.74042356
10808,5,7969,0.737085
10808,6,267756,0.73680997
10808,7,376148,0.7367229
10808,8,161445,0.73504883
10808,9,376485,0.7342532
10808,10,45970,0.7339936
2383,1,17215,0.74776316
2383,2,423074,0.74642515
2383,3,327232,0.7335928
2383,4,370542,0.7211261
2383,5,205341,0.7203639
2383,6,515233,0.71486294
2383,7,174784,0.71236396
2383,8,589398,0.7107608
2383,9,458079,0.7083378
2383,10,79129,0.70748544
3085,1,154839,0.8455354
3085,2,248619,0.8363955
3085,3,380047,0.8295219
3085,4,56951,0.8256163
3085,5,73344,0.81662345
3085,6,527010,0.81535757
3085,7,517723,0.80996054
3085,8,79888,0.8023801
3085,9,9640,0.80124795
3085,10,74251,0.7948698
104,1,575869,0.85937667
104,2,558703,0.77634436
104,3,285395,0.7722419
104,4,405181,0.76738185
104,5,516267,0.766757
104,6,454526,0.764035
104,7,447619,0.76195407
104,8,239064,0.7612219
104,9,236218,0.7581389
104,10,120090,0.75749224
5083,1,270952,0.7096548
5083,2,305509,0.6731677
5083,3,273759,0.660703
5083,4,361263,0.6564139
5083,5,369075,0.64902717
5083,6,495482,0.6486913
5083,7,246484,0.6338312
5083,8,358768,0.6337565
5083,9,334606,0.6337515
5083,10,28083,0.63223034
684,1,274360,0.78052187
684,2,363026,0.7770947
684,3,98868,0.77610534
684,4,342833,0.7648164
684,5,376781,0.76070946
684,6,386869,0.7560241
684,7,541315,0.7538814
684,8,442741,0.75253344
684,9,150347,0.7522892
684,10,360003,0.74991006
10674,1,99857,0.8273887
10674,2,296516,0.8212067
10674,3,257241,0.8180505
10674,4,549422,0.80088603
10674,5,3095,0.789749
10674,6,221869,0.78068364
10674,7,333496,0.77338696
10674,8,137073,0.76587045
10674,9,554674,0.7630207
10674,10,480967,0.7628
3594,1,246882,0.76056814
3594,2,525247,0.75502706
3594,3,376579,0.75121534
3594,4,257924,0.75102746
3594,5,490294,0.75042355
3594,6,463611,0.7473043
3594,7,58597,0.7462048
3594,8,288823,0.7412081
3594,9,482036,0.73861027
3594,10,409573,0.7351227
10526,1,546493,0.741548
10526,2,9683,0.7034663
10526,3,177926,0.6985419
10526,4,283008,0.69317406
10526,5,251100,0.6863978
10526,6,427747,0.6767577
10526,7,137175,0.673125
10526,8,525603,0.6723105
10526,9,413132,0.67074126
10526,10,109345,0.67030966
2181,1,488755,0.75334084
2181,2,37725,0.7484554
2181,3,260603,0.7431829
2181,4,524788,0.7296022
2181,5,392124,0.7279756
2181,6,584218,0.7234737
2181,7,525360,0.7137779
2181,8,50310,0.7087834
2181,9,139501,0.7055382
2181,10,506108,0.7026557
10994,1,110343,0.7987962
10994,2,486974,0.79837006
10994,3,155254,0.78972894
10994,4,545491,0.7778001
10994,5,287537,0.7755039
10994,6,212394,0.77088344
10994,7,403701,0.76703465
10994,8,300770,0.7654557
10994,9,155797,0.7621002
10994,10,202960,0.7587633
5903,1,159471,0.78109014
5903,2,408524,0.7715497
5903,3,395842,0.7604909
5903,4,504301,0.7452247
5903,5,78837,0.7337375
5903,6,246996,0.7323905
5903,7,20504,0.73179114
5903,8,14185,0.7313354
5903,9,301580,0.72972
5903,10,98978,0.7282553
5620,1,5860,0.743661
5620,2,158285,0.73556787
5620,3,408027,0.7291616
5620,4,547189,0.7252165
5620,5,260580,0.72406495
5620,6,90632,0.72372496
5620,7,23350,0.71357435
5620,8,551747,0.7046916
5620,9,381120,0.7017986
5620,10,116613,0.69486517
5254,1,563169,0.81486124
5254,2,99708,0.8058838
5254,3,198606,0.80385417
5254,4,96697,0.80100507
5254,5,402466,0.7960583
5254,6,336284,0.79558146
5254,7,242849,0.7944001
5254,8,574974,0.79396486
5254,9,276860,0.7857824
5254,10,175107,0.7829067
7221,1,478539,0.7759356
7221,2,148019,0.7448596
7221,3,204297,0.7441677
7221,4,224695,0.74060136
7221,5,120288,0.7324699
7221,6,363087,0.73075175
7221,7,577498,0.72994643
7221,8,55002,0.72567147
7221,9,499766,0.7247637
7221,10,169076,0.7243657
3446,1,323498,0.8815143
3446,2,211839,0.8377377
3446,3,109675,0.80189365
3446,4,117921,0.7980063
3446,5,253202,0.7924956
3446,6,377477,0.78783214
3446,7,117627,0.78162783
3446,8,60508,0.77329594
3446,9,31550,0.77084994
3446,10,509077,0.7693073
7936,1,5257,0.8195669
7936,2,363043,0.78513896
7936,3,336541,0.7504618
7936,4,7743,0.75015444
7936,5,221881,0.7487515
7936,6,356490,0.737077
7936,7,281533,0.72553825
7936,8,222498,0.72455716
7936,9,105373,0.719836
7936,10,257609,0.7187791
2472,1,161422,0.81463885
2472,2,233535,0.8132639
2472,3,144922,0.805443
2472,4,398258,0.8014748
2472,5,254528,0.7969657
2472,6,180601,0.7923986
2472,7,543607,0.7857754
2472,8,107865,0.78503513
2472,9,528054,0.7848822
2472,10,330507,0.7834375
2306,1,581889,0.7671829
2306,2,531137,0.747868
2306,3,289464,0.73430777
2306,4,390461,0.73237884
2306,5,508211,0.72995245
2306,6,596284,0.7298324
2306,7,364269,0.72965765
2306,8,538217,0.7296131
2306,9,298729,0.72898644
2306,10,423809,0.7288276
7633,1,494727,0.89845693
7633,2,179258,0.835057
7633,3,554207,0.81502414
7633,4,412223,0.80147874
7633,5,281844,0.7995651
7633,6,530697,0.7949351
7633,7,137175,0.7925004
7633,8,402482,0.78899837
7633,9,49782,0.78762686
7633,10,558566,0.7873236
2400,1,97942,0.8406875
2400,2,1198,0.828299
2400,3,350260,0.81616014
2400,4,481169,0.81094235
2400,5,507128,0.81090987
2400,6,587689,0.80833995
2400,7,55701,0.8072767
2400,8,1034,0.80719244
2400,9,530635,0.8065717
2400,10,152014,0.80619854
5549,1,336394,0.80252224
5549,2,443903,0.7900028
5549,3,582697,0.78157973
5549,4,429106,0.7800995
5549,5,222082,0.7753533
5549,6,445573,0.77409375
5549,7,223870,0.7710586
5549,8,592709,0.76908773
5549,9,48203,0.7685019
5549,10,530425,0.7673396
1832,1,590276,0.7135564
1832,2,411084,0.70931256
1832,3,461355,0.7002796
1832,4,253374,0.6999618
1832,5,133487,0.6992929
1832,6,520677,0.696497
1832,7,338962,0.69578123
1832,8,373312,0.6953418
1832,9,209843,0.69167733
1832,10,153649,0.6908188
2749,1,207285,0.7576034
2749,2,587192,0.7453586
2749,3,118594,0.73504186
2749,4,393857,0.7341937
2749,5,307999,0.7271688
2749,6,555237,0.72353053
2749,7,338943,0.72236794
2749,8,195100,0.70799905
2749,9,237907,0.7066663
2749,10,255329,0.7065425
3801,1,390529,0.74154437
3801,2,209242,0.7125548
3801,3,92014,0.7098725
3801,4,394734,0.7096591
3801,5,171236,0.6958984
3801,6,175449,0.6867702
3801,7,105129,0.6843489
3801,8,511000,0.67211866
3801,9,36005,0.6694865
3801,10,570634,0.66903746
3735,1,565909,0.8586941
3735,2,266900,0.8350599
3735,3,370161,0.82278407
3735,4,279185,0.81866455
3735,5,537153,0.81663233
3735,6,35102,0.8160159
3735,7,32290,0.8157766
3735,8,272754,0.8149301
3735,9,527654,0.8120161
3735,10,333674,0.80931073
622,1,550184,0.7617086
622,2,21468,0.7510762
622,3,50394,0.74778974
622,4,154237,0.73229504
622,5,446186,0.73074967
622,6,260162,0.7297927
622,7,436777,0.7293321
622,8,398260,0.7273919
622,9,509314,0.72478044
622,10,274948,0.72451293
9088,1,390089,0.7363396
9088,2,475896,0.7272114
9088,3,167879,0.7222061
9088,4,329849,0.7161817
9088,5,486557,0.71400714
9088,6,266342,0.70949364
9088,7,21416,0.7058283
9088,8,434224,0.70532185
9088,9,242027,0.7048962
9088,10,478266,0.7047788
4605,1,313306,0.810326
4605,2,526384,0.8017007
4605,3,41312,0.7977279
4605,4,581054,0.79756236
4605,5,400826,0.7953714
4605,6,229310,0.78525513
4605,7,152446,0.76152134
4605,8,36659,0.7590848
4605,9,373717,0.7552562
4605,10,127268,0.7544062
2330,1,478514,0.7979463
2330,2,370334,0.7920392
2330,3,104221,0.77034295
2330,4,267940,0.7691158
2330,5,543607,0.76768005
2330,6,219119,0.76611525
2330,7,367944,0.7632579
2330,8,546028,0.7558172
2330,9,364316,0.75405097
2330,10,374049,0.7539855
6792,1,251100,0.73077273
6792,2,294867,0.72617173
6792,3,177926,0.7078243
6792,4,400614,0.7049701
6792,5,402482,0.7034686
6792,6,28604,0.70261145
6792,7,503075,0.6995238
6792,8,487074,0.6995145
6792,9,251813,0.6984875
6792,10,546493,0.69605976
6625,1,88892,0.7422985
6625,2,572579,0.73943985
6625,3,244448,0.7285812
6625,4,209492,0.72139305
6625,5,415281,0.7122555
6625,6,118389,0.70999336
6625,7,25080,0.7059792
6625,8,192721,0.7051881
6625,9,347966,0.7031714
6625,10,371621,0.7013396
2885,1,314163,0.80291915
2885,2,4739,0.79563946
2885,3,255414,0.7861951
2885,4,483285,0.78453386
2885,5,158922,0.7812564
2885,6,531750,0.7763867
2885,7,452231,0.77584326
2885,8,358687,0.7715645
2885,9,185118,0.7705404
2885,10,581251,0.7691612
15,1,325273,0.8188753
15,2,224000,0.78007823
15,3,563884,0.7444893
15,4,244318,0.7397752
15,5,507811,0.7352653
15,6,472629,0.73342943
15,7,284528,0.73202693
15,8,204288,0.72898936
15,9,232563,0.7271241
15,10,376797,0.72350323
6110,1,188531,0.84568685
6110,2,247313,0.8192049
6110,3,35500,0.8187023
6110,4,320450,0.8183528
6110,5,255978,0.81173646
6110,6,564611,0.80577254
6110,7,384252,0.7999412
6110,8,84761,0.7991563
6110,9,107045,0.79540217
6110,10,329662,0.79297435
4823,1,561929,0.8406098
4823,2,139559,0.79116595
4823,3,361126,0.7848302
4823,4,118065,0.781681
4823,5,180003,0.7807355
4823,6,228315,0.7794469
4823,7,441512,0.77849793
4823,8,568784,0.77479625
4823,9,429023,0.7735763
4823,10,466552,0.77338773
3694,1,204747,0.71996903
3694,2,222260,0.7045368
3694,3,494790,0.7031697
3694,4,311931,0.69135904
3694,5,367010,0.68672025
3694,6,287819,0.67763126
3694,7,207813,0.6771941
3694,8,217427,0.6771941
3694,9,157393,0.6744653
3694,10,198394,0.67407984
8,1,65404,0.80285376
8,2,308938,0.7654444
8,3,508754,0.7634207
8,4,499889,0.7607896
8,5,596549,0.75985175
8,6,1873,0.7516329
8,7,590102,0.7497078
8,8,309023,0.74872845
8,9,489199,0.7352495
8,10,564553,0.7329644
1309,1,438869,0.745891
1309,2,471630,0.7300068
1309,3,265452,0.7149088
1309,4,489368,0.7032755
1309,5,156162,0.7030243
1309,6,271040,0.7020638
1309,7,265832,0.6948933
1309,8,173919,0.6937836
1309,9,246529,0.6920114
1309,10,234632,0.6917238
3039,1,283374,0.7772447
3039,2,252843,0.7558292
3039,3,302049,0.74607563
3039,4,445994,0.7431319
3039,5,259924,0.7408209
3039,6,136804,0.7398871
3039,7,480005,0.73777974
3039,8,223624,0.734108
3039,9,594652,0.73391235
3039,10,360925,0.73272896
699,1,484981,0.7223577
699,2,107092,0.7094765
699,3,590517,0.70796263
699,4,347946,0.69910383
699,5,351044,0.6960155
699,6,568771,0.69462144
699,7,116694,0.69430494
699,8,449101,0.69310045
699,9,209107,0.6879983
699,10,449001,0.6874415
7109,1,140804,0.7521243
7109,2,489933,0.7290751
7109,3,193012,0.72753763
7109,4,565501,0.7272954
7109,5,501488,0.7269273
7109,6,180428,0.7263613
7109,7,258897,0.7251625
7109,8,221627,0.717746
7109,9,190603,0.7171775
7109,10,36038,0.7160114
5080,1,414429,0.75873816
5080,2,43370,0.73744714
5080,3,279291,0.7369683
5080,4,528528,0.7343759
5080,5,318338,0.7331708
5080,6,327600,0.73261946
5080,7,200248,0.7314078
5080,8,267206,0.72867906
5080,9,84563,0.7234983
5080,10,384751,0.722702
4981,1,45218,0.78769994
4981,2,102684,0.7690397
4981,3,259463,0.7293527
4981,4,239484,0.72102153
4981,5,419171,0.7175405
4981,6,81865,0.7163147
4981,7,497266,0.71583664
4981,8,296401,0.715111
4981,9,507835,0.7123554
4981,10,52940,0.7119111
3875,1,249859,0.8062818
3875,2,136315,0.76181257
3875,3,394059,0.7397935
3875,4,480400,0.73419225
3875,5,249106,0.7209152
3875,6,343477,0.7161083
3875,7,484352,0.71510845
3875,8,77488,0.7123925
3875,9,387186,0.71171033
3875,10,68190,0.70747674
3932,1,173781,0.7850481
3932,2,107697,0.77221584
3932,3,190891,0.7703196
3932,4,527443,0.7696962
3932,5,72510,0.7680228
3932,6,367497,0.759526
3932,7,599860,0.7571441
3932,8,297664,0.7555735
3932,9,497200,0.75286996
3932,10,548971,0.75218976
3934,1,304804,0.78210425
3934,2,68239,0.759792
3934,3,487739,0.75845766
3934,4,439617,0.7450413
3934,5,497993,0.74488723
3934,6,295155,0.7421323
3934,7,278611,0.7415937
3934,8,406286,0.73943746
3934,9,500815,0.73751473
3934,10,79903,0.73374045
7445,1,221869,0.7964219
7445,2,310683,0.79577076
7445,3,483025,0.7909354
7445,4,173680,0.78594565
7445,5,284075,0.7850882
7445,6,491567,0.7831974
7445,7,127160,0.77610064
7445,8,265365,0.7698215
7445,9,573612,0.7673019
7445,10,514780,0.7666681
2264,1,534454,0.8081304
2264,2,419245,0.7359543
2264,3,144894,0.7324483
2264,4,470319,0.7292994
2264,5,141511,0.7259157
2264,6,120523,0.725452
2264,7,332855,0.71857977
2264,8,12987,0.7181349
2264,9,554114,0.7159823
2264,10,128752,0.7129122
2895,1,36190,0.74839973
2895,2,490382,0.7406114
2895,3,426461,0.73620796
2895,4,361821,0.73246956
2895,5,464500,0.7317947
2895,6,379948,0.7308841
2895,7,84770,0.72879744
2895,8,67503,0.72850853
2895,9,440073,0.7284112
2895,10,5188,0.7271515
6787,1,219762,0.81860983
6787,2,106104,0.80844736
6787,3,400730,0.79009175
6787,4,311782,0.7868469
6787,5,38287,0.7851137
6787,6,292065,0.78026366
6787,7,23217,0.77946377
6787,8,391156,0.77922446
6787,9,234040,0.7786214
6787,10,448659,0.7777034
7096,1,422922,0.77927214
7096,2,202432,0.75535417
7096,3,482238,0.7541119
7096,4,273789,0.7509589
7096,5,538580,0.74403346
7096,6,209492,0.7428943
7096,7,168006,0.7335823
7096,8,331606,0.72987235
7096,9,277579,0.7290683
7096,10,272929,0.7285146
2747,1,123693,0.82030916
2747,2,91325,0.76967114
2747,3,540571,0.765974
2747,4,475141,0.7415195
2747,5,568324,0.7358612
2747,6,469601,0.728022
2747,7,184698,0.72795576
2747,8,56412,0.7259656
2747,9,588253,0.7253696
2747,10,172457,0.72484994
1933,1,183612,0.8325888
1933,2,50310,0.80515355
1933,3,316932,0.79636157
1933,4,18950,0.77598
1933,5,130631,0.77426076
1933,6,14255,0.7733681
1933,7,271568,0.77194273
1933,8,528361,0.7674676
1933,9,103405,0.7662611
1933,10,432545,0.7658734
1748,1,18001,0.783434
1748,2,546372,0.74800473
1748,3,401505,0.722085
1748,4,528564,0.71939766
1748,5,295184,0.71696186
1748,6,136018,0.70104766
1748,7,369577,0.6948191
1748,8,463595,0.6902286
1748,9,233015,0.6898013
1748,10,451492,0.6884971
9735,1,164555,0.76695603
9735,2,375992,0.7562568
9735,3,477823,0.75526994
9735,4,134607,0.752175
9735,5,534809,0.75148976
9735,6,467636,0.75055313
9735,7,304941,0.7482996
9735,8,357717,0.7353209
9735,9,345681,0.7339943
9735,10,451352,0.72799754
5862,1,503171,0.7649381
5862,2,425352,0.75047666
5862,3,495751,0.747888
5862,4,170141,0.7425959
5862,5,21194,0.7421802
5862,6,418801,0.74091095
5862,7,281732,0.73891944
5862,8,299840,0.7359179
5862,9,540592,0.7332908
5862,10,454842,0.7312779
10932,1,104134,0.87695897
10932,2,291578,0.8057262
10932,3,529845,0.8003695
10932,4,39376,0.7970994
10932,5,41330,0.7945671
10932,6,262322,0.78827816
10932,7,120394,0.78522027
10932,8,134187,0.7828068
10932,9,323464,0.7821301
10932,10,599790,0.78067315
6041,1,81655,0.8080329
6041,2,425020,0.796723
6041,3,96910,0.7659223
6041,4,367391,0.76403236
6041,5,204297,0.74317455
6041,6,224695,0.74301803
6041,7,263464,0.739168
6041,8,5054,0.73669064
6041,9,537020,0.7331122
6041,10,111091,0.7325536
7178,1,401329,0.7379417
7178,2,498404,0.7275096
7178,3,573819,0.7259714
7178,4,490709,0.7210609
7178,5,169370,0.7188626
7178,6,275777,0.7104443
7178,7,516136,0.7078542
7178,8,431747,0.7072598
7178,9,423884,0.70635545
7178,10,477853,0.7035136
7068,1,181069,0.7553152
7068,2,173846,0.7499207
7068,3,31665,0.7466701
7068,4,135022,0.7417774
7068,5,361929,0.74006176
7068,6,263432,0.73953736
7068,7,10797,0.7386033
7068,8,405301,0.73582757
7068,9,26629,0.7357292
7068,10,164200,0.73428845
7700,1,22221,0.8519386
7700,2,224392,0.84275734
7700,3,422051,0.8363509
7700,4,507468,0.8134601
7700,5,39569,0.81108075
7700,6,253268,0.80901206
7700,7,72360,0.80777895
7700,8,593879,0.8041042
7700,9,331673,0.80401635
7700,10,588607,0.8033334
10558,1,222485,0.8118325
10558,2,483268,0.80093604
10558,3,388028,0.79654276
10558,4,195687,0.79194164
10558,5,576263,0.7896788
10558,6,475748,0.7862343
10558,7,518379,0.785993
10558,8,122114,0.78530943
10558,9,175252,0.7852036
10558,10,526271,0.7837033
3014,1,341399,0.72006106
3014,2,196378,0.7064036
3014,3,228997,0.6965319
3014,4,460398,0.6957583
3014,5,429215,0.6947832
3014,6,367497,0.69142675
3014,7,483648,0.6907957
3014,8,214798,0.690143
3014,9,61962,0.6896515
3014,10,598764,0.68861014
4863,1,87398,0.83287346
4863,2,367137,0.8275801
4863,3,211308,0.8231162
4863,4,152265,0.8196278
4863,5,327556,0.8084955
4863,6,198465,0.80740786
4863,7,316132,0.79391783
4863,8,127434,0.791813
4863,9,466315,0.7914397
4863,10,189761,0.7894369
3149,1,58741,0.6890628
3149,2,169312,0.6853124
3149,3,283795,0.682903
3149,4,76523,0.68168527
3149,5,502126,0.677971
3149,6,580642,0.6765564
3149,7,443960,0.673221
3149,8,98112,0.6717212
3149,9,99679,0.6716919
3149,10,290056,0.6705867
1416,1,430728,0.7549743
1416,2,439502,0.72175664
1416,3,20987,0.71867454
1416,4,518624,0.7154343
1416,5,11659,0.71536374
1416,6,352266,0.712663
1416,7,575899,0.70910895
1416,8,196321,0.70494473
1416,9,526847,0.70273113
1416,10,229911,0.7025563
2801,1,398856,0.8124025
2801,2,224667,0.76748717
2801,3,188508,0.7351176
2801,4,224000,0.7341746
2801,5,221061,0.7311155
2801,6,540937,0.730503
2801,7,120410,0.7299666
2801,8,67146,0.7297741
2801,9,45078,0.72844374
2801,10,453784,0.72815627
5343,1,184365,0.7315331
5343,2,346166,0.7250167
5343,3,128433,0.720763
5343,4,486729,0.7177818
5343,5,2860,0.71651125
5343,6,498955,0.7032091
5343,7,413368,0.70205367
5343,8,304578,0.6991223
5343,9,539473,0.69827497
5343,10,18483,0.69793475
547,1,285041,0.77520156
547,2,50081,0.7660217
547,3,80913,0.76333386
547,4,417838,0.762807
547,5,418003,0.7607975
547,6,245228,0.75997144
547,7,523158,0.75607044
547,8,396694,0.75523853
547,9,135873,0.7533376
547,10,124230,0.7532948
6985,1,456436,0.8408284
6985,2,548705,0.72525555
6985,3,443354,0.6876632
6985,4,522319,0.68327296
6985,5,97842,0.68187606
6985,6,426960,0.68066967
6985,7,177298,0.68032676
6985,8,508184,0.6802236
6985,9,267067,0.6747415
6985,10,431610,0.674297
2154,1,171856,0.6952453
2154,2,534454,0.6934562
2154,3,141511,0.67927766
2154,4,287398,0.67781365
2154,5,253735,0.67708087
2154,6,231923,0.6695893
2154,7,592309,0.6679928
2154,8,333681,0.6675933
2154,9,554114,0.66521937
2154,10,528589,0.66508985
3394,1,445971,0.81222546
3394,2,342258,0.77852476
3394,3,437875,0.76580065
3394,4,383399,0.76373386
3394,5,454896,0.76217675
3394,6,172374,0.76101923
3394,7,7208,0.7568402
3394,8,528034,0.7555795
3394,9,28291,0.75475323
3394,10,470758,0.7530799
5410,1,13975,0.75274384
5410,2,247371,0.7522963
5410,3,197138,0.74843043
5410,4,164702,0.74716103
5410,5,290879,0.74283445
5410,6,147530,0.7401885
5410,7,249017,0.73856485
5410,8,98356,0.73607975
5410,9,348550,0.7360451
5410,10,126559,0.72989136
810,1,43217,0.7814283
810,2,310103,0.7602422
810,3,46386,0.752057
810,4,329713,0.7487338
810,5,346134,0.7425612
810,6,150543,0.7413733
810,7,298638,0.74134815
810,8,541682,0.74009144
810,9,152027,0.735669
810,10,281045,0.7347977
3033,1,571430,0.7763023
3033,2,32610,0.7573825
3033,3,41922,0.74665034
3033,4,308319,0.7435053
3033,5,394059,0.7427993
3033,6,44955,0.7419217
3033,7,116009,0.7394728
3033,8,486965,0.7379886
3033,9,371094,0.73539674
3033,10,121551,0.7347046
8332,1,445526,0.80926543
8332,2,13260,0.8068447
8332,3,259659,0.7979288
8332,4,232261,0.794772
8332,5,228217,0.7911551
8332,6,50726,0.7838731
8332,7,195392,0.78160954
8332,8,167304,0.7754241
8332,9,115652,0.77358085
8332,10,25080,0.7710407
1469,1,416006,0.71760845
1469,2,444589,0.7011311
1469,3,91576,0.69983315
1469,4,124912,0.69594485
1469,5,384583,0.69100064
1469,6,97688,0.6900077
1469,7,14870,0.6886461
1469,8,244305,0.688549
1469,9,393759,0.6884776
1469,10,355554,0.6882686
10812,1,314455,0.80080795
10812,2,46737,0.75594515
10812,3,407316,0.7536953
10812,4,291460,0.7475453
10812,5,594652,0.74692786
10812,6,46767,0.7446733
10812,7,451935,0.74420345
10812,8,301266,0.7362964
10812,9,488954,0.7338656
10812,10,126007,0.7328409
3512,1,115042,0.80767626
3512,2,466835,0.7959703
3512,3,121256,0.7496293
3512,4,389985,0.74434775
3512,5,232388,0.7397547
3512,6,295738,0.73830223
3512,7,460174,0.7360985
3512,8,326129,0.73494923
3512,9,47450,0.73284864
3512,10,451737,0.7326368
4102,1,369439,0.7994504
4102,2,597437,0.79282963
4102,3,162488,0.79140973
4102,4,535737,0.7868266
4102,5,553377,0.7758942
4102,6,241101,0.7756038
4102,7,135176,0.7755722
4102,8,556163,0.7728736
4102,9,203521,0.768932
4102,10,327978,0.76879203
3566,1,408123,0.77495825
3566,2,269384,0.77391934
3566,3,358154,0.76740944
3566,4,99943,0.76541823
3566,5,138096,0.7580911
3566,6,533354,0.7567886
3566,7,498378,0.7565651
3566,8,325566,0.75632596
3566,9,551627,0.75631344
3566,10,206841,0.7561821
94,1,354716,0.83136356
94,2,245447,0.8293791
94,3,274721,0.8281326
94,4,201546,0.79914
94,5,378484,0.773834
94,6,233751,0.7633932
94,7,153520,0.7633687
94,8,292748,0.76096696
94,9,399199,0.7589377
94,10,92144,0.7584955
2551,1,413832,0.7444385
2551,2,143100,0.7204901
2551,3,450742,0.7179329
2551,4,72965,0.6820926
2551,5,482638,0.6773298
2551,6,294517,0.67258894
2551,7,580169,0.66382605
2551,8,370066,0.6632966
2551,9,446137,0.66326654
2551,10,229249,0.66214335
2399,1,343489,0.8241618
2399,2,43152,0.77897036
2399,3,562259,0.7734996
2399,4,388260,0.7583763
2399,5,67365,0.7487247
2399,6,16961,0.74623084
2399,7,485054,0.74332786
2399,8,571620,0.7420484
2399,9,437402,0.73503506
2399,10,416975,0.73353195
